"Route","Exact production URL","Title","Meta description","Canonical","Robots","H1","Heading hierarchy","Internal link destinations","Schema","Open Graph","Image count","Missing alt count","Remote image count","Published date","Modified date","Sitemap","Inbound retained-route links","Broken local links","Duplicate canonical","Orphan","Result","Notes"
"/","https://rkrenosolution.com/","Home - RK Reno Solution","RK Reno Solution helps homeowners and businesses plan renovation, aircond, electrical, waterproofing and related property work with clear communication from the first site discussion.","https://rkrenosolution.com/","index, follow","Reliable Renovation Contractor in KL & Selangor","PASS","18","PASS","PASS","3","0","0","NOT_APPLICABLE_OR_NOT_EMITTED","NOT_APPLICABLE_OR_NOT_EMITTED","INCLUDED","205","0","NO","NO","PASS","No issue found"
"/about-us/","https://rkrenosolution.com/about-us/","About us - RK Reno Solution","RK Reno Solution is a Kuala Lumpur–based renovation and property-service business supporting homeowners and business owners across KL and Selangor.","https://rkrenosolution.com/about-us/","index, follow","About us","PASS","18","PASS","PASS","7","0","0","NOT_APPLICABLE_OR_NOT_EMITTED","NOT_APPLICABLE_OR_NOT_EMITTED","INCLUDED","123","0","NO","NO","PASS","No issue found"
"/aircond-installation-kl-the-ultimate-2026-guide-rk-reno-solution/","https://rkrenosolution.com/aircond-installation-kl-the-ultimate-2026-guide-rk-reno-solution/","Aircond Installation KL The Ultimate 2026 Guide – RK Reno Solution - RK Reno Solution","Plan aircond capacity, unit type, piping, drainage, vacuuming and testing around the room and actual installation route.","https://rkrenosolution.com/aircond-installation-kl-the-ultimate-2026-guide-rk-reno-solution/","index, follow","Aircond Installation KL The Ultimate 2026 Guide – RK Reno Solution","PASS","19","PASS","PASS","3","0","0","NOT_APPLICABLE_OR_NOT_EMITTED","NOT_APPLICABLE_OR_NOT_EMITTED","INCLUDED","10","0","NO","NO","PASS","No issue found"
"/aircond-installation-kl/","https://rkrenosolution.com/aircond-installation-kl/","Aircond Installation KL - RK Reno Solution","Installation for wall-mounted aircond units in Kuala Lumpur homes, condominiums, offices and shops, with the scope confirmed from the unit and site requirements.","https://rkrenosolution.com/aircond-installation-kl/","index, follow","Aircond Installation KL","PASS","18","PASS","PASS","6","0","0","NOT_APPLICABLE_OR_NOT_EMITTED","NOT_APPLICABLE_OR_NOT_EMITTED","INCLUDED","87","0","NO","NO","PASS","No issue found"
"/blog/","https://rkrenosolution.com/blog/","Blog - RK Reno Solution","Practical renovation and property-service guides from RK Reno Solution.","https://rkrenosolution.com/blog/","index, follow","Blog","PASS","32","PASS","PASS","16","0","0","NOT_APPLICABLE_OR_NOT_EMITTED","NOT_APPLICABLE_OR_NOT_EMITTED","INCLUDED","145","0","NO","NO","PASS","No issue found"
"/category/commercial/","https://rkrenosolution.com/category/commercial/","Commercial - RK Reno Solution","Planning guides for retail and office renovation, including layout, services, access and handover considerations.","https://rkrenosolution.com/category/commercial/","noindex, follow","Commercial","PASS","21","PASS","PASS","5","0","0","NOT_APPLICABLE_OR_NOT_EMITTED","NOT_APPLICABLE_OR_NOT_EMITTED","EXCLUDED","0","0","NO","YES","PASS","Noindex archive or utility has no retained-route inbound link"
"/category/hvac-guides/","https://rkrenosolution.com/category/hvac-guides/","HVAC Guides - RK Reno Solution","Aircond guides covering installation planning, maintenance and quotation factors for Kuala Lumpur and Selangor properties.","https://rkrenosolution.com/category/hvac-guides/","noindex, follow","HVAC Guides","PASS","21","PASS","PASS","5","0","0","NOT_APPLICABLE_OR_NOT_EMITTED","NOT_APPLICABLE_OR_NOT_EMITTED","EXCLUDED","0","0","NO","YES","PASS","Noindex archive or utility has no retained-route inbound link"
"/category/maintenance/","https://rkrenosolution.com/category/maintenance/","Maintenance - RK Reno Solution","Maintenance planning for aircond servicing, cleaning, leakage inspection and site-dependent repair work.","https://rkrenosolution.com/category/maintenance/","noindex, follow","Maintenance","PASS","23","PASS","PASS","7","0","0","NOT_APPLICABLE_OR_NOT_EMITTED","NOT_APPLICABLE_OR_NOT_EMITTED","EXCLUDED","0","0","NO","YES","PASS","Noindex archive or utility has no retained-route inbound link"
"/category/renovation/","https://rkrenosolution.com/category/renovation/","Renovation - RK Reno Solution","Residential and retail renovation guides covering scope, materials, coordination, sequencing, quotation and handover.","https://rkrenosolution.com/category/renovation/","noindex, follow","Renovation","PASS","21","PASS","PASS","5","0","0","NOT_APPLICABLE_OR_NOT_EMITTED","NOT_APPLICABLE_OR_NOT_EMITTED","EXCLUDED","0","0","NO","YES","PASS","Noindex archive or utility has no retained-route inbound link"
"/category/servis-pembersihan/","https://rkrenosolution.com/category/servis-pembersihan/","Servis Pembersihan - RK Reno Solution","Panduan merancang servis cuci rumah dan deep cleaning di Kuala Lumpur berdasarkan keadaan dan skop sebenar.","https://rkrenosolution.com/category/servis-pembersihan/","noindex, follow","Servis Pembersihan","PASS","20","PASS","PASS","4","0","0","NOT_APPLICABLE_OR_NOT_EMITTED","NOT_APPLICABLE_OR_NOT_EMITTED","EXCLUDED","0","0","NO","YES","PASS","Noindex archive or utility has no retained-route inbound link"
"/category/technical-guides/","https://rkrenosolution.com/category/technical-guides/","Technical Guides - RK Reno Solution","Safety, inspection and technical planning guides for electrical, aircond, waterproofing and ceiling work.","https://rkrenosolution.com/category/technical-guides/","noindex, follow","Technical Guides","PASS","24","PASS","PASS","8","0","0","NOT_APPLICABLE_OR_NOT_EMITTED","NOT_APPLICABLE_OR_NOT_EMITTED","EXCLUDED","0","0","NO","YES","PASS","Noindex archive or utility has no retained-route inbound link"
"/commercial-retail-shop-renovation-in-kuala-lumpur/","https://rkrenosolution.com/commercial-retail-shop-renovation-in-kuala-lumpur/","Commercial Retail Shop Renovation in Kuala Lumpur - RK Reno Solution","A practical guide to planning retail layout, services, finishes, access and handover for a Kuala Lumpur shop renovation.","https://rkrenosolution.com/commercial-retail-shop-renovation-in-kuala-lumpur/","index, follow","Commercial Retail Shop Renovation in Kuala Lumpur","PASS","18","PASS","PASS","3","0","0","NOT_APPLICABLE_OR_NOT_EMITTED","NOT_APPLICABLE_OR_NOT_EMITTED","INCLUDED","12","0","NO","NO","PASS","No issue found"
"/contact-us/","https://rkrenosolution.com/contact-us/","Contact Us - RK Reno Solution","Send the property location, service required and a short description. Photos and approximate measurements can help us understand the enquiry.","https://rkrenosolution.com/contact-us/","index, follow","Contact Us","PASS","18","PASS","PASS","3","0","0","NOT_APPLICABLE_OR_NOT_EMITTED","NOT_APPLICABLE_OR_NOT_EMITTED","INCLUDED","206","0","NO","NO","PASS","No issue found"
"/electrical-services-selangor-the-complete-safety-pricing-guide-2026-edition/","https://rkrenosolution.com/electrical-services-selangor-the-complete-safety-pricing-guide-2026-edition/","Electrical Services Selangor: The Complete Safety & Pricing Guide (2026 Edition) - RK Reno Solution","Recognise electrical warning signs and prepare for inspection of wiring, sockets, lighting, fans, distribution boards or supply changes.","https://rkrenosolution.com/electrical-services-selangor-the-complete-safety-pricing-guide-2026-edition/","index, follow","Electrical Services Selangor: The Complete Safety & Pricing Guide (2026 Edition)","PASS","18","PASS","PASS","3","0","0","NOT_APPLICABLE_OR_NOT_EMITTED","NOT_APPLICABLE_OR_NOT_EMITTED","INCLUDED","6","0","NO","NO","PASS","No issue found"
"/electrical-services-selangor/","https://rkrenosolution.com/electrical-services-selangor/","Electrical Services Selangor - RK Reno Solution","Electrical inspection, troubleshooting, wiring and fitting work for homes, offices and commercial properties in Selangor and Kuala Lumpur.","https://rkrenosolution.com/electrical-services-selangor/","index, follow","Electrical Services Selangor","PASS","18","PASS","PASS","3","0","0","NOT_APPLICABLE_OR_NOT_EMITTED","NOT_APPLICABLE_OR_NOT_EMITTED","INCLUDED","126","0","NO","NO","PASS","No issue found"
"/faq/","https://rkrenosolution.com/faq/","FAQ - RK Reno Solution","Answers about renovation, aircond, electrical, waterproofing, ceiling, quotation and service areas.","https://rkrenosolution.com/faq/","index, follow","Frequently Asked Questions","PASS","18","PASS","PASS","2","0","0","NOT_APPLICABLE_OR_NOT_EMITTED","NOT_APPLICABLE_OR_NOT_EMITTED","INCLUDED","41","0","NO","NO","PASS","No issue found"
"/home-renovation-contractor-in-subang-jaya/","https://rkrenosolution.com/home-renovation-contractor-in-subang-jaya/","Home Renovation Contractor in Subang Jaya - RK Reno Solution","Practical renovation, repair and improvement planning for homes in Subang Jaya, with the final scope based on the property and requested work.","https://rkrenosolution.com/home-renovation-contractor-in-subang-jaya/","index, follow","Home Renovation Contractor in Subang Jaya","PASS","18","PASS","PASS","3","0","0","NOT_APPLICABLE_OR_NOT_EMITTED","NOT_APPLICABLE_OR_NOT_EMITTED","INCLUDED","41","0","NO","NO","PASS","No issue found"
"/house-renovation-in-kuala-lumpur-the-ultimate-planning-cost-guide-2026/","https://rkrenosolution.com/house-renovation-in-kuala-lumpur-the-ultimate-planning-cost-guide-2026/","House Renovation Cost Kuala Lumpur 2026 | Price Guide","Plan a Kuala Lumpur house renovation around inspection, layout, coordinated trades, materials, sequencing and a site-based quotation.","https://rkrenosolution.com/house-renovation-in-kuala-lumpur-the-ultimate-planning-cost-guide-2026/","index, follow","House Renovation in Kuala Lumpur: The Ultimate Planning & Cost Guide (2026)","PASS","18","PASS","PASS","3","0","0","NOT_APPLICABLE_OR_NOT_EMITTED","NOT_APPLICABLE_OR_NOT_EMITTED","INCLUDED","6","0","NO","NO","PASS","No issue found"
"/house-renovation-in-kuala-lumpur/","https://rkrenosolution.com/house-renovation-in-kuala-lumpur/","House Renovation Cost Kuala Lumpur 2026 | Price Guide","Plan painting, tiling, kitchen, bathroom, ceiling, electrical and repair work around the condition and requirements of your Kuala Lumpur property.","https://rkrenosolution.com/house-renovation-in-kuala-lumpur/","index, follow","House Renovation in Kuala Lumpur","PASS","18","PASS","PASS","3","0","0","NOT_APPLICABLE_OR_NOT_EMITTED","NOT_APPLICABLE_OR_NOT_EMITTED","INCLUDED","85","0","NO","NO","PASS","No issue found"
"/house-renovation-in-selangor-the-ultimate-2026-guide-to-extending-your-home/","https://rkrenosolution.com/house-renovation-in-selangor-the-ultimate-2026-guide-to-extending-your-home/","House Renovation in Selangor: The Ultimate 2026 Guide to Extending Your Home - RK Reno Solution","Review site conditions, layout, structural questions, services and quotation factors before planning a home extension in Selangor.","https://rkrenosolution.com/house-renovation-in-selangor-the-ultimate-2026-guide-to-extending-your-home/","index, follow","House Renovation in Selangor: The Ultimate 2026 Guide to Extending Your Home","PASS","18","PASS","PASS","3","0","0","NOT_APPLICABLE_OR_NOT_EMITTED","NOT_APPLICABLE_OR_NOT_EMITTED","INCLUDED","6","0","NO","NO","PASS","No issue found"
"/house-renovation-in-selangor/","https://rkrenosolution.com/house-renovation-in-selangor/","House Renovation Selangor | Contractor & Starting Prices","Renovation planning for houses and residential properties across Selangor, from targeted repairs and room updates to coordinated multi-trade work.","https://rkrenosolution.com/house-renovation-in-selangor/","index, follow","House Renovation in Selangor","PASS","18","PASS","PASS","3","0","0","NOT_APPLICABLE_OR_NOT_EMITTED","NOT_APPLICABLE_OR_NOT_EMITTED","INCLUDED","83","0","NO","NO","PASS","No issue found"
"/office-renovation-in-kuala-lumpur-the-2026-corporate-guide-to-productivity/","https://rkrenosolution.com/office-renovation-in-kuala-lumpur-the-2026-corporate-guide-to-productivity/","Office Renovation in Kuala Lumpur: The 2026 Corporate Guide to Productivity - RK Reno Solution","Plan an office fit-out around space requirements, building rules, coordinated services, work sequencing and handover.","https://rkrenosolution.com/office-renovation-in-kuala-lumpur-the-2026-corporate-guide-to-productivity/","index, follow","Office Renovation in Kuala Lumpur: The 2026 Corporate Guide to Productivity","PASS","18","PASS","PASS","3","0","0","NOT_APPLICABLE_OR_NOT_EMITTED","NOT_APPLICABLE_OR_NOT_EMITTED","INCLUDED","9","0","NO","NO","PASS","No issue found"
"/office-renovation-in-kuala-lumpur/","https://rkrenosolution.com/office-renovation-in-kuala-lumpur/","Office Renovation Contractor KL | Fit-Out & Reinstatement","Plan office partitions, flooring, ceilings, electrical points, data requirements and reinstatement around the premises and business needs.","https://rkrenosolution.com/office-renovation-in-kuala-lumpur/","index, follow","Office Renovation in Kuala Lumpur","PASS","18","PASS","PASS","3","0","0","NOT_APPLICABLE_OR_NOT_EMITTED","NOT_APPLICABLE_OR_NOT_EMITTED","INCLUDED","89","0","NO","NO","PASS","No issue found"
"/office-renovation-petaling-jaya-corporate-fit-out-experts/","https://rkrenosolution.com/office-renovation-petaling-jaya-corporate-fit-out-experts/","Office Renovation Petaling Jaya: Corporate Fit-Out Experts - RK Reno Solution","Plan a Petaling Jaya office fit-out around layout, services, building requirements, access and the agreed handover condition.","https://rkrenosolution.com/office-renovation-petaling-jaya-corporate-fit-out-experts/","index, follow","Office Renovation Petaling Jaya: Corporate Fit-Out Experts","PASS","18","PASS","PASS","3","0","0","NOT_APPLICABLE_OR_NOT_EMITTED","NOT_APPLICABLE_OR_NOT_EMITTED","INCLUDED","9","0","NO","NO","PASS","No issue found"
"/pakej-deep-cleaning-rumah-kl-termasuk-pre-hari-raya/","https://rkrenosolution.com/pakej-deep-cleaning-rumah-kl-termasuk-pre-hari-raya/","Pakej Deep Cleaning Rumah KL (Termasuk Pre-Hari Raya) - RK Reno Solution","Plan a one-off deep-cleaning enquiry for a Kuala Lumpur home, including current availability, property condition and quotation factors.","https://rkrenosolution.com/pakej-deep-cleaning-rumah-kl-termasuk-pre-hari-raya/","index, follow","Pakej Deep Cleaning Rumah KL (Termasuk Pre-Hari Raya)","PASS","19","PASS","PASS","3","0","0","NOT_APPLICABLE_OR_NOT_EMITTED","NOT_APPLICABLE_OR_NOT_EMITTED","INCLUDED","10","0","NO","NO","PASS","No issue found"
"/plaster-ceiling-contractor-kl-the-ultimate-design-pricing-guide-2026/","https://rkrenosolution.com/plaster-ceiling-contractor-kl-the-ultimate-design-pricing-guide-2026/","Plaster Ceiling Contractor KL: The Ultimate Design & Pricing Guide (2026) - RK Reno Solution","Review ceiling types, lighting coordination, repair considerations and the site information needed for a useful quotation.","https://rkrenosolution.com/plaster-ceiling-contractor-kl-the-ultimate-design-pricing-guide-2026/","index, follow","Plaster Ceiling Contractor KL: The Ultimate Design & Pricing Guide (2026)","PASS","18","PASS","PASS","3","0","0","NOT_APPLICABLE_OR_NOT_EMITTED","NOT_APPLICABLE_OR_NOT_EMITTED","INCLUDED","9","0","NO","NO","PASS","No issue found"
"/plaster-ceiling-contractor-kl/","https://rkrenosolution.com/plaster-ceiling-contractor-kl/","Plaster Ceiling Contractor KL - RK Reno Solution","Plaster ceiling installation and repair for homes and offices, coordinated with lighting, aircond access and site measurements.","https://rkrenosolution.com/plaster-ceiling-contractor-kl/","index, follow","Plaster Ceiling Contractor KL","PASS","18","PASS","PASS","3","0","0","NOT_APPLICABLE_OR_NOT_EMITTED","NOT_APPLICABLE_OR_NOT_EMITTED","INCLUDED","86","0","NO","NO","PASS","No issue found"
"/pu-injection-waterproofing-kl-how-to-fix-wall-cracks-permanently/","https://rkrenosolution.com/pu-injection-waterproofing-kl-how-to-fix-wall-cracks-permanently/","PU Injection Waterproofing KL: How to Fix Wall Cracks Permanently - RK Reno Solution","Understand when PU injection may be considered and why the crack, water source, structure and site condition must be inspected first.","https://rkrenosolution.com/pu-injection-waterproofing-kl-how-to-fix-wall-cracks-permanently/","index, follow","PU Injection Waterproofing KL: How to Fix Wall Cracks Permanently","PASS","18","PASS","PASS","3","0","0","NOT_APPLICABLE_OR_NOT_EMITTED","NOT_APPLICABLE_OR_NOT_EMITTED","INCLUDED","12","0","NO","NO","PASS","No issue found"
"/service/building-renovation/","https://rkrenosolution.com/service/building-renovation/","building renovation - RK Reno Solution","Improve an existing residential or commercial space with a renovation scope shaped around its condition, function and intended use.","https://rkrenosolution.com/service/building-renovation/","index, follow","building renovation","PASS","18","PASS","PASS","3","0","0","NOT_APPLICABLE_OR_NOT_EMITTED","NOT_APPLICABLE_OR_NOT_EMITTED","INCLUDED","172","0","NO","NO","PASS","No issue found"
"/services/","https://rkrenosolution.com/services/","Services - RK Reno Solution","Explore renovation, repair, installation and maintenance services for residential and commercial properties in Kuala Lumpur and Selangor.","https://rkrenosolution.com/services/","index, follow","Services","PASS","18","PASS","PASS","3","0","0","NOT_APPLICABLE_OR_NOT_EMITTED","NOT_APPLICABLE_OR_NOT_EMITTED","INCLUDED","127","0","NO","NO","PASS","No issue found"
"/servis-aircond-murah-kl-the-ultimate-2026-guide-to-a-colder-home/","https://rkrenosolution.com/servis-aircond-murah-kl-the-ultimate-2026-guide-to-a-colder-home/","Servis Aircond Murah KL: The Ultimate 2026 Guide to a Colder Home - RK Reno Solution","Understand routine aircond cleaning, common warning signs and when uncertain cooling or leakage problems need inspection.","https://rkrenosolution.com/servis-aircond-murah-kl-the-ultimate-2026-guide-to-a-colder-home/","index, follow","Servis Aircond Murah KL: The Ultimate 2026 Guide to a Colder Home","PASS","19","PASS","PASS","3","0","0","NOT_APPLICABLE_OR_NOT_EMITTED","NOT_APPLICABLE_OR_NOT_EMITTED","INCLUDED","9","0","NO","NO","PASS","No issue found"
"/servis-aircond-murah-kl/","https://rkrenosolution.com/servis-aircond-murah-kl/","Servis Aircond Murah KL - RK Reno Solution","Aircond kurang sejuk, berbau atau bocor air? Dapatkan pemeriksaan, pembersihan dan cadangan servis untuk rumah atau pejabat di Kuala Lumpur.","https://rkrenosolution.com/servis-aircond-murah-kl/","index, follow","Servis Aircond Murah KL","PASS","18","PASS","PASS","3","0","0","NOT_APPLICABLE_OR_NOT_EMITTED","NOT_APPLICABLE_OR_NOT_EMITTED","INCLUDED","127","0","NO","NO","PASS","No issue found"
"/servis-cuci-rumah-kl-the-ultimate-2026-guide-to-a-spotless-home/","https://rkrenosolution.com/servis-cuci-rumah-kl-the-ultimate-2026-guide-to-a-spotless-home/","Servis Cuci Rumah KL: The Ultimate 2026 Guide to a Spotless Home - RK Reno Solution","Prepare a clear home-cleaning scope around rooms, surfaces, access, property condition and the level of cleaning required.","https://rkrenosolution.com/servis-cuci-rumah-kl-the-ultimate-2026-guide-to-a-spotless-home/","index, follow","Servis Cuci Rumah KL: The Ultimate 2026 Guide to a Spotless Home","PASS","19","PASS","PASS","3","0","0","NOT_APPLICABLE_OR_NOT_EMITTED","NOT_APPLICABLE_OR_NOT_EMITTED","INCLUDED","10","0","NO","NO","PASS","No issue found"
"/servis-cuci-rumah-kl/","https://rkrenosolution.com/servis-cuci-rumah-kl/","Servis Cuci Rumah KL - RK Reno Solution","Enquire about general, deep, move-in or move-out, and post-renovation home cleaning in Kuala Lumpur, subject to the current supported scope.","https://rkrenosolution.com/servis-cuci-rumah-kl/","index, follow","Servis Cuci Rumah KL","PASS","18","PASS","PASS","5","0","0","NOT_APPLICABLE_OR_NOT_EMITTED","NOT_APPLICABLE_OR_NOT_EMITTED","INCLUDED","87","0","NO","NO","PASS","No issue found"
"/tag/interior-finishing/","https://rkrenosolution.com/tag/interior-finishing/","Interior Finishing - RK Reno Solution","Practical guides for plaster ceilings and coordinated finishing work in renovation projects.","https://rkrenosolution.com/tag/interior-finishing/","noindex, follow","Interior Finishing","PASS","20","PASS","PASS","4","0","0","NOT_APPLICABLE_OR_NOT_EMITTED","NOT_APPLICABLE_OR_NOT_EMITTED","EXCLUDED","0","0","NO","YES","PASS","Noindex archive or utility has no retained-route inbound link"
"/tag/office-fit-out/","https://rkrenosolution.com/tag/office-fit-out/","Office Fit-Out - RK Reno Solution","Office renovation planning for Kuala Lumpur and Petaling Jaya premises, including layout, services and building requirements.","https://rkrenosolution.com/tag/office-fit-out/","noindex, follow","Office Fit-Out","PASS","20","PASS","PASS","4","0","0","NOT_APPLICABLE_OR_NOT_EMITTED","NOT_APPLICABLE_OR_NOT_EMITTED","EXCLUDED","0","0","NO","YES","PASS","Noindex archive or utility has no retained-route inbound link"
"/tag/waterproofing/","https://rkrenosolution.com/tag/waterproofing/","Waterproofing - RK Reno Solution","Leak inspection and PU injection guidance for site-dependent waterproofing decisions in Kuala Lumpur.","https://rkrenosolution.com/tag/waterproofing/","noindex, follow","Waterproofing","PASS","20","PASS","PASS","4","0","0","NOT_APPLICABLE_OR_NOT_EMITTED","NOT_APPLICABLE_OR_NOT_EMITTED","EXCLUDED","0","0","NO","YES","PASS","Noindex archive or utility has no retained-route inbound link"
"/thank-you/","https://rkrenosolution.com/thank-you/","Thank You - RK Reno Solution","Thank You! Your feedback has been submitted successfully. We appreciate your time and effort to help us improve!","https://rkrenosolution.com/thank-you/","noindex, follow","Thank You","PASS","18","PASS","PASS","2","0","0","NOT_APPLICABLE_OR_NOT_EMITTED","NOT_APPLICABLE_OR_NOT_EMITTED","EXCLUDED","0","0","NO","YES","PASS","Noindex archive or utility has no retained-route inbound link"
"/upah-pasang-aircond-selangor-panduan-harga-pemasangan-2026/","https://rkrenosolution.com/upah-pasang-aircond-selangor-panduan-harga-pemasangan-2026/","Upah Pasang Aircond Selangor 2026 | Harga & Pemasangan","Panduan untuk memahami komponen harga pemasangan aircond di Selangor sebelum meminta sebut harga bagi rumah, pejabat atau kedai.","https://rkrenosolution.com/upah-pasang-aircond-selangor-panduan-harga-pemasangan-2026/","index, follow","Upah Pasang Aircond Selangor: Panduan Harga & Pemasangan (2026)","PASS","18","PASS","PASS","6","0","0","NOT_APPLICABLE_OR_NOT_EMITTED","NOT_APPLICABLE_OR_NOT_EMITTED","INCLUDED","10","0","NO","NO","PASS","No issue found"
"/upah-pasang-aircond-selangor/","https://rkrenosolution.com/upah-pasang-aircond-selangor/","Aircond Installation Selangor | Upah Pasang Aircond","Servis pemasangan aircond untuk rumah, pejabat dan kedai di Selangor, berdasarkan kapasiti unit, jarak paip, saliran, bekalan elektrik dan keadaan tapak.","https://rkrenosolution.com/upah-pasang-aircond-selangor/","index, follow","Upah Pasang Aircond Selangor untuk Rumah, Pejabat & Kedai","PASS","18","PASS","PASS","6","0","0","NOT_APPLICABLE_OR_NOT_EMITTED","NOT_APPLICABLE_OR_NOT_EMITTED","INCLUDED","83","0","NO","NO","PASS","No issue found"
"/waterproofing-contractor-kuala-lumpur-the-complete-guide-to-stopping-leaks-2026/","https://rkrenosolution.com/waterproofing-contractor-kuala-lumpur-the-complete-guide-to-stopping-leaks-2026/","Waterproofing Contractor Kuala Lumpur: The Complete Guide to Stopping Leaks (2026) - RK Reno Solution","Understand common leakage signs, inspection areas and quotation factors without assuming a permanent result before the source is assessed.","https://rkrenosolution.com/waterproofing-contractor-kuala-lumpur-the-complete-guide-to-stopping-leaks-2026/","index, follow","Waterproofing Contractor Kuala Lumpur: The Complete Guide to Stopping Leaks (2026)","PASS","18","PASS","PASS","3","0","0","NOT_APPLICABLE_OR_NOT_EMITTED","NOT_APPLICABLE_OR_NOT_EMITTED","INCLUDED","12","0","NO","NO","PASS","No issue found"
"/waterproofing-contractor-kuala-lumpur/","https://rkrenosolution.com/waterproofing-contractor-kuala-lumpur/","Waterproofing Contractor Kuala Lumpur - RK Reno Solution","Arrange inspection for roof, bathroom, balcony, wall and concrete leakage before selecting a repair or waterproofing method.","https://rkrenosolution.com/waterproofing-contractor-kuala-lumpur/","index, follow","Waterproofing Contractor Kuala Lumpur","PASS","18","PASS","PASS","3","0","0","NOT_APPLICABLE_OR_NOT_EMITTED","NOT_APPLICABLE_OR_NOT_EMITTED","INCLUDED","87","0","NO","NO","PASS","No issue found"
