"Route","Page title","Page type","Production URL status","Astro status","Layout/template used","Content complete","Images complete","Header correct","Footer correct","Desktop design reviewed","Tablet design reviewed","Mobile design reviewed","Buttons working","Internal links working","SEO complete","Schema complete","Visual parity level","Problems found","Required action","Final status"
"/","Home - RK Reno Solution","homepage / Homepage","200","200","BaseLayout + restored WordPress theme layout","PARTIAL — PRIORITY AUDIT ONLY","NO","YES — PRIORITY AUDIT","YES — PRIORITY AUDIT","YES","YES","YES","YES — AUTOMATED PRIORITY CHECK","YES — BUILT-LINK VALIDATION","TECHNICALLY PRESENT","PRESENT (1) — APPROPRIATENESS UNREVIEWED","HIGH — PRIORITY AUDIT, NOT OWNER APPROVED","Raw WordPress/Elementor/WooCommerce markup indicators remain; 3 images have missing or blank alt text","Replace remaining WordPress/Elementor markup with native reusable Astro components.","NEEDS REDESIGN"
"/about-us/","About us - RK Reno Solution","page / About page","200","200","BaseLayout + generic legacy-content renderer","UNVERIFIED","NO","NOT REVIEWED","NOT REVIEWED","NO","NO","NO","NOT REVIEWED","YES — BUILT-LINK VALIDATION","TECHNICALLY PRESENT","PRESENT (1) — APPROPRIATENESS UNREVIEWED","NOT ASSESSED","Generic legacy-content layout; page-specific design not reviewed; 8 images have missing or blank alt text","Create the appropriate reusable layout, then perform full three-viewport review.","NEEDS REDESIGN"
"/aircond-installation-kl-the-ultimate-2026-guide-rk-reno-solution/","Aircond Installation KL The Ultimate 2026 Guide – RK Reno Solution - RK Reno Solution","post / Blog/article pages","200","200","BaseLayout + generic legacy-content renderer","UNVERIFIED","NO","NOT REVIEWED","NOT REVIEWED","NO","NO","NO","NOT REVIEWED","YES — BUILT-LINK VALIDATION","TECHNICALLY PRESENT","PRESENT (2) — APPROPRIATENESS UNREVIEWED","NOT ASSESSED","Generic legacy-content layout; page-specific design not reviewed; 1 images have missing or blank alt text","Create the appropriate reusable layout, then perform full three-viewport review.","NEEDS REDESIGN"
"/aircond-installation-kl/","Aircond Installation KL | Upah Pasang Aircond RM220","page / Aircond service landing pages","200","200","BaseLayout + page-specific custom layout","PARTIAL — PRIORITY AUDIT ONLY","YES","YES — PRIORITY AUDIT","YES — PRIORITY AUDIT","YES","YES","YES","YES — AUTOMATED PRIORITY CHECK","YES — BUILT-LINK VALIDATION","TECHNICALLY PRESENT","PRESENT (1) — APPROPRIATENESS UNREVIEWED","HIGH — PRIORITY AUDIT, NOT OWNER APPROVED","No automated issue; full visual/content review still required","Retain for the controlled batch review; owner approval is still required.","TECHNICALLY COMPLETE"
"/blog-full-width/","Blog Full Width - RK Reno Solution","page / Utility and 404 pages","200","200","BaseLayout + generic legacy-content renderer","UNVERIFIED","NO","NOT REVIEWED","NOT REVIEWED","NO","NO","NO","NOT REVIEWED","YES — BUILT-LINK VALIDATION","TECHNICALLY PRESENT","PRESENT (1) — APPROPRIATENESS UNREVIEWED","LOW","Generic legacy-content layout; page-specific design not reviewed; WordPress demo or implementation route; 6 images have missing or blank alt text","Decide redirect/removal strategy; do not reproduce irrelevant WordPress clutter.","NEEDS REDESIGN"
"/blog-grid/","Blog Grid - RK Reno Solution","page / Utility and 404 pages","200","200","BaseLayout + generic legacy-content renderer","UNVERIFIED","NO","NOT REVIEWED","NOT REVIEWED","NO","NO","NO","NOT REVIEWED","YES — BUILT-LINK VALIDATION","TECHNICALLY PRESENT","PRESENT (1) — APPROPRIATENESS UNREVIEWED","LOW","Generic legacy-content layout; page-specific design not reviewed; WordPress demo or implementation route; 6 images have missing or blank alt text","Decide redirect/removal strategy; do not reproduce irrelevant WordPress clutter.","NEEDS REDESIGN"
"/blog/","Blog - RK Reno Solution","post / Blog/article pages","200","200","BaseLayout + generic legacy-content renderer","UNVERIFIED","NO","NOT REVIEWED","NOT REVIEWED","NO","NO","NO","NOT REVIEWED","YES — BUILT-LINK VALIDATION","NO","PRESENT (1) — APPROPRIATENESS UNREVIEWED","NOT ASSESSED","Generic legacy-content layout; page-specific design not reviewed; 4 images have missing or blank alt text; Missing meta description","Create the appropriate reusable layout, then perform full three-viewport review.","NEEDS REDESIGN"
"/blog/page/2/","Blog - RK Reno Solution - Page 2","page / Category/archive pages","200","200","BaseLayout + generic legacy-content renderer","UNVERIFIED","NO","NOT REVIEWED","NOT REVIEWED","NO","NO","NO","NOT REVIEWED","YES — BUILT-LINK VALIDATION","NO","PRESENT (1) — APPROPRIATENESS UNREVIEWED","NOT ASSESSED","Generic legacy-content layout; page-specific design not reviewed; 4 images have missing or blank alt text; Missing meta description","Create the appropriate reusable layout, then perform full three-viewport review.","NEEDS REDESIGN"
"/blog/page/3/","Blog - RK Reno Solution - Page 3","page / Category/archive pages","200","200","BaseLayout + generic legacy-content renderer","UNVERIFIED","NO","NOT REVIEWED","NOT REVIEWED","NO","NO","NO","NOT REVIEWED","YES — BUILT-LINK VALIDATION","NO","PRESENT (1) — APPROPRIATENESS UNREVIEWED","NOT ASSESSED","Generic legacy-content layout; page-specific design not reviewed; 4 images have missing or blank alt text; Missing meta description","Create the appropriate reusable layout, then perform full three-viewport review.","NEEDS REDESIGN"
"/blog/page/4/","Blog - RK Reno Solution - Page 4","page / Category/archive pages","200","200","BaseLayout + generic legacy-content renderer","UNVERIFIED","NO","NOT REVIEWED","NOT REVIEWED","NO","NO","NO","NOT REVIEWED","YES — BUILT-LINK VALIDATION","NO","PRESENT (1) — APPROPRIATENESS UNREVIEWED","NOT ASSESSED","Generic legacy-content layout; page-specific design not reviewed; 2 images have missing or blank alt text; Missing meta description","Create the appropriate reusable layout, then perform full three-viewport review.","NEEDS REDESIGN"
"/career/","Career - RK Reno Solution","page / Utility and 404 pages","200","200","BaseLayout + generic legacy-content renderer","UNVERIFIED","UNVERIFIED","NOT REVIEWED","NOT REVIEWED","NO","NO","NO","NOT REVIEWED","YES — BUILT-LINK VALIDATION","TECHNICALLY PRESENT","PRESENT (1) — APPROPRIATENESS UNREVIEWED","NOT ASSESSED","Generic legacy-content layout; page-specific design not reviewed","Create the appropriate reusable layout, then perform full three-viewport review.","NEEDS REDESIGN"
"/category/commercial/","Commercial - RK Reno Solution","taxonomy / Category/archive pages","200","200","BaseLayout + generic legacy-content renderer","UNVERIFIED","NO","NOT REVIEWED","NOT REVIEWED","NO","NO","NO","NOT REVIEWED","YES — BUILT-LINK VALIDATION","NO","PRESENT (1) — APPROPRIATENESS UNREVIEWED","NOT ASSESSED","Generic legacy-content layout; page-specific design not reviewed; 2 images have missing or blank alt text; Missing meta description","Create the appropriate reusable layout, then perform full three-viewport review.","NEEDS REDESIGN"
"/category/hvac-guides/","HVAC Guides - RK Reno Solution","taxonomy / Category/archive pages","200","200","BaseLayout + generic legacy-content renderer","UNVERIFIED","NO","NOT REVIEWED","NOT REVIEWED","NO","NO","NO","NOT REVIEWED","YES — BUILT-LINK VALIDATION","NO","PRESENT (1) — APPROPRIATENESS UNREVIEWED","NOT ASSESSED","Generic legacy-content layout; page-specific design not reviewed; 3 images have missing or blank alt text; Missing meta description","Create the appropriate reusable layout, then perform full three-viewport review.","NEEDS REDESIGN"
"/category/interior-design/","Interior Design - RK Reno Solution","taxonomy / Category/archive pages","200","200","BaseLayout + generic legacy-content renderer","UNVERIFIED","NO","NOT REVIEWED","NOT REVIEWED","NO","NO","NO","NOT REVIEWED","YES — BUILT-LINK VALIDATION","NO","PRESENT (1) — APPROPRIATENESS UNREVIEWED","NOT ASSESSED","Generic legacy-content layout; page-specific design not reviewed; Thin content (254 normalized characters); 1 images have missing or blank alt text; Exact content duplicate of /tag/ceiling-works/; Missing meta description","Review the production source and restore useful approved content.","NEEDS CONTENT"
"/category/maintenance/","Maintenance - RK Reno Solution","taxonomy / Category/archive pages","200","200","BaseLayout + generic legacy-content renderer","UNVERIFIED","NO","NOT REVIEWED","NOT REVIEWED","NO","NO","NO","NOT REVIEWED","YES — BUILT-LINK VALIDATION","NO","PRESENT (1) — APPROPRIATENESS UNREVIEWED","NOT ASSESSED","Generic legacy-content layout; page-specific design not reviewed; 4 images have missing or blank alt text; Missing meta description","Create the appropriate reusable layout, then perform full three-viewport review.","NEEDS REDESIGN"
"/category/renovation/","Renovation - RK Reno Solution","taxonomy / Category/archive pages","200","200","BaseLayout + generic legacy-content renderer","UNVERIFIED","NO","NOT REVIEWED","NOT REVIEWED","NO","NO","NO","NOT REVIEWED","YES — BUILT-LINK VALIDATION","NO","PRESENT (1) — APPROPRIATENESS UNREVIEWED","NOT ASSESSED","Generic legacy-content layout; page-specific design not reviewed; 3 images have missing or blank alt text; Missing meta description","Create the appropriate reusable layout, then perform full three-viewport review.","NEEDS REDESIGN"
"/category/servis-pembersihan/","Servis Pembersihan - RK Reno Solution","taxonomy / Category/archive pages","200","200","BaseLayout + generic legacy-content renderer","UNVERIFIED","NO","NOT REVIEWED","NOT REVIEWED","NO","NO","NO","NOT REVIEWED","YES — BUILT-LINK VALIDATION","NO","PRESENT (1) — APPROPRIATENESS UNREVIEWED","NOT ASSESSED","Generic legacy-content layout; page-specific design not reviewed; Thin content (235 normalized characters); 1 images have missing or blank alt text; Exact content duplicate of /tag/kuala-lumpur/; Missing meta description","Review the production source and restore useful approved content.","NEEDS CONTENT"
"/category/technical-guides/","Technical Guides - RK Reno Solution","taxonomy / Category/archive pages","200","200","BaseLayout + generic legacy-content renderer","UNVERIFIED","NO","NOT REVIEWED","NOT REVIEWED","NO","NO","NO","NOT REVIEWED","YES — BUILT-LINK VALIDATION","NO","PRESENT (1) — APPROPRIATENESS UNREVIEWED","NOT ASSESSED","Generic legacy-content layout; page-specific design not reviewed; Thin content (267 normalized characters); 1 images have missing or blank alt text; Exact content duplicate of /tag/wiring/; Missing meta description","Review the production source and restore useful approved content.","NEEDS CONTENT"
"/commercial-retail-shop-renovation-in-kuala-lumpur/","Commercial Retail Shop Renovation in Kuala Lumpur - RK Reno Solution","post / Blog/article pages","200","200","BaseLayout + generic legacy-content renderer","UNVERIFIED","NO","NOT REVIEWED","NOT REVIEWED","NO","NO","NO","NOT REVIEWED","YES — BUILT-LINK VALIDATION","TECHNICALLY PRESENT","PRESENT (2) — APPROPRIATENESS UNREVIEWED","NOT ASSESSED","Generic legacy-content layout; page-specific design not reviewed; 1 WordPress image hotlinks remain; 1 images have missing or blank alt text","Resolve and localize verified source images before visual review.","NEEDS IMAGES"
"/company-history/","Company History - RK Reno Solution","page / About page","200","200","BaseLayout + generic legacy-content renderer","UNVERIFIED","UNVERIFIED","NOT REVIEWED","NOT REVIEWED","NO","NO","NO","NOT REVIEWED","YES — BUILT-LINK VALIDATION","TECHNICALLY PRESENT","PRESENT (1) — APPROPRIATENESS UNREVIEWED","NOT ASSESSED","Generic legacy-content layout; page-specific design not reviewed","Create the appropriate reusable layout, then perform full three-viewport review.","NEEDS REDESIGN"
"/contact-us/","Contact Us - RK Reno Solution","page / Contact page","200","200","BaseLayout + generic legacy-content renderer","UNVERIFIED","NO","NOT REVIEWED","NOT REVIEWED","NO","NO","NO","NOT REVIEWED","YES — BUILT-LINK VALIDATION","TECHNICALLY PRESENT","PRESENT (1) — APPROPRIATENESS UNREVIEWED","NOT ASSESSED","Generic legacy-content layout; page-specific design not reviewed; 2 images have missing or blank alt text","Create the appropriate reusable layout, then perform full three-viewport review.","NEEDS REDESIGN"
"/electrical-services-selangor-the-complete-safety-pricing-guide-2026-edition/","Electrical Services Selangor: The Complete Safety & Pricing Guide (2026 Edition) - RK Reno Solution","post / Blog/article pages","200","200","BaseLayout + generic legacy-content renderer","UNVERIFIED","NO","NOT REVIEWED","NOT REVIEWED","NO","NO","NO","NOT REVIEWED","YES — BUILT-LINK VALIDATION","TECHNICALLY PRESENT","PRESENT (2) — APPROPRIATENESS UNREVIEWED","NOT ASSESSED","Generic legacy-content layout; page-specific design not reviewed; 1 images have missing or blank alt text","Create the appropriate reusable layout, then perform full three-viewport review.","NEEDS REDESIGN"
"/electrical-services-selangor/","Electrical Services Selangor - RK Reno Solution","page / Electrical service pages","200","200","BaseLayout + page-specific custom layout","PARTIAL — PRIORITY AUDIT ONLY","YES","YES — PRIORITY AUDIT","YES — PRIORITY AUDIT","YES","YES","YES","YES — AUTOMATED PRIORITY CHECK","YES — BUILT-LINK VALIDATION","TECHNICALLY PRESENT","PRESENT (2) — APPROPRIATENESS UNREVIEWED","HIGH — PRIORITY AUDIT, NOT OWNER APPROVED","No automated issue; full visual/content review still required","Retain for the controlled batch review; owner approval is still required.","TECHNICALLY COMPLETE"
"/faq/","FAQ - RK Reno Solution","page / Utility and 404 pages","200","200","BaseLayout + generic legacy-content renderer","UNVERIFIED","NO","NOT REVIEWED","NOT REVIEWED","NO","NO","NO","NOT REVIEWED","YES — BUILT-LINK VALIDATION","TECHNICALLY PRESENT","PRESENT (1) — APPROPRIATENESS UNREVIEWED","NOT ASSESSED","Generic legacy-content layout; page-specific design not reviewed; 1 images have missing or blank alt text","Create the appropriate reusable layout, then perform full three-viewport review.","NEEDS REDESIGN"
"/feedback-error/","Feedback Error - RK Reno Solution","page / Utility and 404 pages","200","200","BaseLayout + generic legacy-content renderer","UNVERIFIED","UNVERIFIED","NOT REVIEWED","NOT REVIEWED","NO","NO","NO","NOT REVIEWED","YES — BUILT-LINK VALIDATION","TECHNICALLY PRESENT","PRESENT (1) — APPROPRIATENESS UNREVIEWED","NOT ASSESSED","Generic legacy-content layout; page-specific design not reviewed; Thin content (130 normalized characters)","Review the production source and restore useful approved content.","NEEDS CONTENT"
"/home-1-one-page/","Home 1 One Page - RK Reno Solution","page / Utility and 404 pages","200","200","BaseLayout + generic legacy-content renderer","UNVERIFIED","NO","NOT REVIEWED","NOT REVIEWED","NO","NO","NO","NOT REVIEWED","YES — BUILT-LINK VALIDATION","TECHNICALLY PRESENT","PRESENT (1) — APPROPRIATENESS UNREVIEWED","LOW","Generic legacy-content layout; page-specific design not reviewed; WordPress demo or implementation route; 26 images have missing or blank alt text","Decide redirect/removal strategy; do not reproduce irrelevant WordPress clutter.","NEEDS REDESIGN"
"/home-1/","Home 1 - RK Reno Solution","page / Utility and 404 pages","200","200","BaseLayout + generic legacy-content renderer","UNVERIFIED","NO","NOT REVIEWED","NOT REVIEWED","NO","NO","NO","NOT REVIEWED","YES — BUILT-LINK VALIDATION","TECHNICALLY PRESENT","PRESENT (1) — APPROPRIATENESS UNREVIEWED","LOW","Generic legacy-content layout; page-specific design not reviewed; WordPress demo or implementation route; 26 images have missing or blank alt text","Decide redirect/removal strategy; do not reproduce irrelevant WordPress clutter.","NEEDS REDESIGN"
"/home-10-one-page/","Home 10 One Page - RK Reno Solution","page / Utility and 404 pages","200","200","BaseLayout + generic legacy-content renderer","UNVERIFIED","NO","NOT REVIEWED","NOT REVIEWED","NO","NO","NO","NOT REVIEWED","YES — BUILT-LINK VALIDATION","TECHNICALLY PRESENT","PRESENT (1) — APPROPRIATENESS UNREVIEWED","LOW","Generic legacy-content layout; page-specific design not reviewed; WordPress demo or implementation route; 10 images have missing or blank alt text; Exact content duplicate of /home-10/","Decide redirect/removal strategy; do not reproduce irrelevant WordPress clutter.","NEEDS REDESIGN"
"/home-10/","Home 10 - RK Reno Solution","page / Utility and 404 pages","200","200","BaseLayout + generic legacy-content renderer","UNVERIFIED","NO","NOT REVIEWED","NOT REVIEWED","NO","NO","NO","NOT REVIEWED","YES — BUILT-LINK VALIDATION","TECHNICALLY PRESENT","PRESENT (1) — APPROPRIATENESS UNREVIEWED","LOW","Generic legacy-content layout; page-specific design not reviewed; WordPress demo or implementation route; 10 images have missing or blank alt text; Exact content duplicate of /home-10-one-page/","Decide redirect/removal strategy; do not reproduce irrelevant WordPress clutter.","NEEDS REDESIGN"
"/home-2-2/","Home 2 - RK Reno Solution","page / Utility and 404 pages","200","200","BaseLayout + generic legacy-content renderer","UNVERIFIED","NO","NOT REVIEWED","NOT REVIEWED","NO","NO","NO","NOT REVIEWED","YES — BUILT-LINK VALIDATION","TECHNICALLY PRESENT","PRESENT (1) — APPROPRIATENESS UNREVIEWED","LOW","Generic legacy-content layout; page-specific design not reviewed; WordPress demo or implementation route; 14 images have missing or blank alt text","Decide redirect/removal strategy; do not reproduce irrelevant WordPress clutter.","NEEDS REDESIGN"
"/home-2-one-page/","Home 2 One Page - RK Reno Solution","page / Utility and 404 pages","200","200","BaseLayout + generic legacy-content renderer","UNVERIFIED","NO","NOT REVIEWED","NOT REVIEWED","NO","NO","NO","NOT REVIEWED","YES — BUILT-LINK VALIDATION","TECHNICALLY PRESENT","PRESENT (1) — APPROPRIATENESS UNREVIEWED","LOW","Generic legacy-content layout; page-specific design not reviewed; WordPress demo or implementation route; 13 images have missing or blank alt text","Decide redirect/removal strategy; do not reproduce irrelevant WordPress clutter.","NEEDS REDESIGN"
"/home-3-one-page/","Home 3 One Page - RK Reno Solution","page / Utility and 404 pages","200","200","BaseLayout + generic legacy-content renderer","UNVERIFIED","NO","NOT REVIEWED","NOT REVIEWED","NO","NO","NO","NOT REVIEWED","YES — BUILT-LINK VALIDATION","TECHNICALLY PRESENT","PRESENT (1) — APPROPRIATENESS UNREVIEWED","LOW","Generic legacy-content layout; page-specific design not reviewed; WordPress demo or implementation route; 4 images have missing or blank alt text","Decide redirect/removal strategy; do not reproduce irrelevant WordPress clutter.","NEEDS REDESIGN"
"/home-3/","Home 3 - RK Reno Solution","page / Utility and 404 pages","200","200","BaseLayout + generic legacy-content renderer","UNVERIFIED","NO","NOT REVIEWED","NOT REVIEWED","NO","NO","NO","NOT REVIEWED","YES — BUILT-LINK VALIDATION","TECHNICALLY PRESENT","PRESENT (1) — APPROPRIATENESS UNREVIEWED","LOW","Generic legacy-content layout; page-specific design not reviewed; WordPress demo or implementation route; 4 images have missing or blank alt text","Decide redirect/removal strategy; do not reproduce irrelevant WordPress clutter.","NEEDS REDESIGN"
"/home-4-one-page/","Home 4 One Page - RK Reno Solution","page / Utility and 404 pages","200","200","BaseLayout + generic legacy-content renderer","UNVERIFIED","NO","NOT REVIEWED","NOT REVIEWED","NO","NO","NO","NOT REVIEWED","YES — BUILT-LINK VALIDATION","TECHNICALLY PRESENT","PRESENT (1) — APPROPRIATENESS UNREVIEWED","LOW","Generic legacy-content layout; page-specific design not reviewed; WordPress demo or implementation route; 10 images have missing or blank alt text","Decide redirect/removal strategy; do not reproduce irrelevant WordPress clutter.","NEEDS REDESIGN"
"/home-4/","Home 4 - RK Reno Solution","page / Utility and 404 pages","200","200","BaseLayout + generic legacy-content renderer","UNVERIFIED","NO","NOT REVIEWED","NOT REVIEWED","NO","NO","NO","NOT REVIEWED","YES — BUILT-LINK VALIDATION","TECHNICALLY PRESENT","PRESENT (1) — APPROPRIATENESS UNREVIEWED","LOW","Generic legacy-content layout; page-specific design not reviewed; WordPress demo or implementation route; 10 images have missing or blank alt text","Decide redirect/removal strategy; do not reproduce irrelevant WordPress clutter.","NEEDS REDESIGN"
"/home-5-one-page/","Home 5 One Page - RK Reno Solution","page / Utility and 404 pages","200","200","BaseLayout + generic legacy-content renderer","UNVERIFIED","NO","NOT REVIEWED","NOT REVIEWED","NO","NO","NO","NOT REVIEWED","YES — BUILT-LINK VALIDATION","TECHNICALLY PRESENT","PRESENT (1) — APPROPRIATENESS UNREVIEWED","LOW","Generic legacy-content layout; page-specific design not reviewed; WordPress demo or implementation route; 5 images have missing or blank alt text; Exact content duplicate of /home-5/","Decide redirect/removal strategy; do not reproduce irrelevant WordPress clutter.","NEEDS REDESIGN"
"/home-5/","Home 5 - RK Reno Solution","page / Utility and 404 pages","200","200","BaseLayout + generic legacy-content renderer","UNVERIFIED","NO","NOT REVIEWED","NOT REVIEWED","NO","NO","NO","NOT REVIEWED","YES — BUILT-LINK VALIDATION","TECHNICALLY PRESENT","PRESENT (1) — APPROPRIATENESS UNREVIEWED","LOW","Generic legacy-content layout; page-specific design not reviewed; WordPress demo or implementation route; 5 images have missing or blank alt text; Exact content duplicate of /home-5-one-page/","Decide redirect/removal strategy; do not reproduce irrelevant WordPress clutter.","NEEDS REDESIGN"
"/home-6-one-page/","Home 6 One Page - RK Reno Solution","page / Utility and 404 pages","200","200","BaseLayout + generic legacy-content renderer","UNVERIFIED","NO","NOT REVIEWED","NOT REVIEWED","NO","NO","NO","NOT REVIEWED","YES — BUILT-LINK VALIDATION","TECHNICALLY PRESENT","PRESENT (1) — APPROPRIATENESS UNREVIEWED","LOW","Generic legacy-content layout; page-specific design not reviewed; WordPress demo or implementation route; 13 images have missing or blank alt text","Decide redirect/removal strategy; do not reproduce irrelevant WordPress clutter.","NEEDS REDESIGN"
"/home-6/","Home 6 - RK Reno Solution","page / Utility and 404 pages","200","200","BaseLayout + generic legacy-content renderer","UNVERIFIED","NO","NOT REVIEWED","NOT REVIEWED","NO","NO","NO","NOT REVIEWED","YES — BUILT-LINK VALIDATION","TECHNICALLY PRESENT","PRESENT (1) — APPROPRIATENESS UNREVIEWED","LOW","Generic legacy-content layout; page-specific design not reviewed; WordPress demo or implementation route; 13 images have missing or blank alt text","Decide redirect/removal strategy; do not reproduce irrelevant WordPress clutter.","NEEDS REDESIGN"
"/home-7-one-page/","Home 7 One Page - RK Reno Solution","page / Utility and 404 pages","200","200","BaseLayout + generic legacy-content renderer","UNVERIFIED","NO","NOT REVIEWED","NOT REVIEWED","NO","NO","NO","NOT REVIEWED","YES — BUILT-LINK VALIDATION","TECHNICALLY PRESENT","PRESENT (1) — APPROPRIATENESS UNREVIEWED","LOW","Generic legacy-content layout; page-specific design not reviewed; WordPress demo or implementation route; 14 images have missing or blank alt text","Decide redirect/removal strategy; do not reproduce irrelevant WordPress clutter.","NEEDS REDESIGN"
"/home-8-onepage/","Home 8 One Page - RK Reno Solution","page / Utility and 404 pages","200","200","BaseLayout + generic legacy-content renderer","UNVERIFIED","NO","NOT REVIEWED","NOT REVIEWED","NO","NO","NO","NOT REVIEWED","YES — BUILT-LINK VALIDATION","TECHNICALLY PRESENT","PRESENT (1) — APPROPRIATENESS UNREVIEWED","LOW","Generic legacy-content layout; page-specific design not reviewed; WordPress demo or implementation route; 10 images have missing or blank alt text; Exact content duplicate of /home-8/","Decide redirect/removal strategy; do not reproduce irrelevant WordPress clutter.","NEEDS REDESIGN"
"/home-8/","Home 8 - RK Reno Solution","page / Utility and 404 pages","200","200","BaseLayout + generic legacy-content renderer","UNVERIFIED","NO","NOT REVIEWED","NOT REVIEWED","NO","NO","NO","NOT REVIEWED","YES — BUILT-LINK VALIDATION","TECHNICALLY PRESENT","PRESENT (1) — APPROPRIATENESS UNREVIEWED","LOW","Generic legacy-content layout; page-specific design not reviewed; WordPress demo or implementation route; 10 images have missing or blank alt text; Exact content duplicate of /home-8-onepage/","Decide redirect/removal strategy; do not reproduce irrelevant WordPress clutter.","NEEDS REDESIGN"
"/home-9-one-page/","Home 9 One Page - RK Reno Solution","page / Utility and 404 pages","200","200","BaseLayout + generic legacy-content renderer","UNVERIFIED","NO","NOT REVIEWED","NOT REVIEWED","NO","NO","NO","NOT REVIEWED","YES — BUILT-LINK VALIDATION","TECHNICALLY PRESENT","PRESENT (1) — APPROPRIATENESS UNREVIEWED","LOW","Generic legacy-content layout; page-specific design not reviewed; WordPress demo or implementation route; 17 images have missing or blank alt text; Exact content duplicate of /home-9/","Decide redirect/removal strategy; do not reproduce irrelevant WordPress clutter.","NEEDS REDESIGN"
"/home-9/","Home 9 - RK Reno Solution","page / Utility and 404 pages","200","200","BaseLayout + generic legacy-content renderer","UNVERIFIED","NO","NOT REVIEWED","NOT REVIEWED","NO","NO","NO","NOT REVIEWED","YES — BUILT-LINK VALIDATION","TECHNICALLY PRESENT","PRESENT (1) — APPROPRIATENESS UNREVIEWED","LOW","Generic legacy-content layout; page-specific design not reviewed; WordPress demo or implementation route; 17 images have missing or blank alt text; Exact content duplicate of /home-9-one-page/","Decide redirect/removal strategy; do not reproduce irrelevant WordPress clutter.","NEEDS REDESIGN"
"/home-renovation-contractor-in-subang-jaya/","Home Renovation Contractor in Subang Jaya - RK Reno Solution","page / Renovation service landing pages","200","200","BaseLayout + generic legacy-content renderer","UNVERIFIED","NO","NOT REVIEWED","NOT REVIEWED","NO","NO","NO","NOT REVIEWED","YES — BUILT-LINK VALIDATION","TECHNICALLY PRESENT","PRESENT (2) — APPROPRIATENESS UNREVIEWED","NOT ASSESSED","Generic legacy-content layout; page-specific design not reviewed; 1 WordPress image hotlinks remain","Resolve and localize verified source images before visual review.","NEEDS IMAGES"
"/house-renovation-in-kuala-lumpur-the-ultimate-planning-cost-guide-2026/","House Renovation Cost Kuala Lumpur 2026 | Price Guide","post / Blog/article pages","200","200","BaseLayout + generic legacy-content renderer","UNVERIFIED","NO","NOT REVIEWED","NOT REVIEWED","NO","NO","NO","NOT REVIEWED","YES — BUILT-LINK VALIDATION","TECHNICALLY PRESENT","PRESENT (1) — APPROPRIATENESS UNREVIEWED","NOT ASSESSED","Generic legacy-content layout; page-specific design not reviewed; Raw WordPress/Elementor/WooCommerce markup indicators remain; 3 WordPress image hotlinks remain; 1 images have missing or blank alt text","Resolve and localize verified source images before visual review.","NEEDS IMAGES"
"/house-renovation-in-kuala-lumpur/","House Renovation Cost Kuala Lumpur 2026 | Price Guide","page / Renovation service landing pages","200","200","BaseLayout + page-specific custom layout","PARTIAL — PRIORITY AUDIT ONLY","YES","YES — PRIORITY AUDIT","YES — PRIORITY AUDIT","YES","YES","YES","YES — AUTOMATED PRIORITY CHECK","YES — BUILT-LINK VALIDATION","TECHNICALLY PRESENT","PRESENT (1) — APPROPRIATENESS UNREVIEWED","HIGH — PRIORITY AUDIT, NOT OWNER APPROVED","No automated issue; full visual/content review still required","Retain for the controlled batch review; owner approval is still required.","TECHNICALLY COMPLETE"
"/house-renovation-in-selangor-the-ultimate-2026-guide-to-extending-your-home/","House Renovation in Selangor: The Ultimate 2026 Guide to Extending Your Home - RK Reno Solution","post / Blog/article pages","200","200","BaseLayout + generic legacy-content renderer","UNVERIFIED","NO","NOT REVIEWED","NOT REVIEWED","NO","NO","NO","NOT REVIEWED","YES — BUILT-LINK VALIDATION","TECHNICALLY PRESENT","PRESENT (2) — APPROPRIATENESS UNREVIEWED","NOT ASSESSED","Generic legacy-content layout; page-specific design not reviewed; 2 WordPress image hotlinks remain; 1 images have missing or blank alt text","Resolve and localize verified source images before visual review.","NEEDS IMAGES"
"/house-renovation-in-selangor/","House Renovation Selangor | Contractor & Starting Prices","page / Renovation service landing pages","200","200","BaseLayout + page-specific custom layout","PARTIAL — PRIORITY AUDIT ONLY","YES","YES — PRIORITY AUDIT","YES — PRIORITY AUDIT","YES","YES","YES","YES — AUTOMATED PRIORITY CHECK","YES — BUILT-LINK VALIDATION","TECHNICALLY PRESENT","PRESENT (1) — APPROPRIATENESS UNREVIEWED","HIGH — PRIORITY AUDIT, NOT OWNER APPROVED","No automated issue; full visual/content review still required","Retain for the controlled batch review; owner approval is still required.","TECHNICALLY COMPLETE"
"/landing-page/","Landing Page - RK Reno Solution","page / Utility and 404 pages","200","200","BaseLayout + generic legacy-content renderer","UNVERIFIED","NO","NOT REVIEWED","NOT REVIEWED","NO","NO","NO","NOT REVIEWED","YES — BUILT-LINK VALIDATION","TECHNICALLY PRESENT","PRESENT (1) — APPROPRIATENESS UNREVIEWED","LOW","Generic legacy-content layout; page-specific design not reviewed; WordPress demo or implementation route; Raw WordPress/Elementor/WooCommerce markup indicators remain; 48 images have missing or blank alt text","Replace remaining WordPress/Elementor markup with native reusable Astro components.","NEEDS REDESIGN"
"/office-renovation-in-kuala-lumpur-the-2026-corporate-guide-to-productivity/","Office Renovation in Kuala Lumpur: The 2026 Corporate Guide to Productivity - RK Reno Solution","post / Blog/article pages","200","200","BaseLayout + generic legacy-content renderer","UNVERIFIED","NO","NOT REVIEWED","NOT REVIEWED","NO","NO","NO","NOT REVIEWED","YES — BUILT-LINK VALIDATION","TECHNICALLY PRESENT","PRESENT (2) — APPROPRIATENESS UNREVIEWED","NOT ASSESSED","Generic legacy-content layout; page-specific design not reviewed; 1 WordPress image hotlinks remain; 1 images have missing or blank alt text","Resolve and localize verified source images before visual review.","NEEDS IMAGES"
"/office-renovation-in-kuala-lumpur/","Office Renovation Contractor KL | Fit-Out & Reinstatement","page / Office and commercial renovation pages","200","200","BaseLayout + generic legacy-content renderer","UNVERIFIED","NO","NOT REVIEWED","NOT REVIEWED","NO","NO","NO","NOT REVIEWED","YES — BUILT-LINK VALIDATION","TECHNICALLY PRESENT","PRESENT (1) — APPROPRIATENESS UNREVIEWED","NOT ASSESSED","Generic legacy-content layout; page-specific design not reviewed; Raw WordPress/Elementor/WooCommerce markup indicators remain; 3 WordPress image hotlinks remain","Resolve and localize verified source images before visual review.","NEEDS IMAGES"
"/office-renovation-petaling-jaya-corporate-fit-out-experts/","Office Renovation Petaling Jaya: Corporate Fit-Out Experts - RK Reno Solution","post / Blog/article pages","200","200","BaseLayout + generic legacy-content renderer","UNVERIFIED","NO","NOT REVIEWED","NOT REVIEWED","NO","NO","NO","NOT REVIEWED","YES — BUILT-LINK VALIDATION","TECHNICALLY PRESENT","PRESENT (2) — APPROPRIATENESS UNREVIEWED","NOT ASSESSED","Generic legacy-content layout; page-specific design not reviewed; 1 WordPress image hotlinks remain; 1 images have missing or blank alt text","Resolve and localize verified source images before visual review.","NEEDS IMAGES"
"/our-projects-2/","Our Projects 2 - RK Reno Solution","page / Utility and 404 pages","200","200","BaseLayout + generic legacy-content renderer","UNVERIFIED","NO","NOT REVIEWED","NOT REVIEWED","NO","NO","NO","NOT REVIEWED","YES — BUILT-LINK VALIDATION","TECHNICALLY PRESENT","PRESENT (1) — APPROPRIATENESS UNREVIEWED","NOT ASSESSED","Generic legacy-content layout; page-specific design not reviewed; 6 images have missing or blank alt text","Create the appropriate reusable layout, then perform full three-viewport review.","NEEDS REDESIGN"
"/our-projects/","Our Projects 1 - RK Reno Solution","page / Utility and 404 pages","200","200","BaseLayout + generic legacy-content renderer","UNVERIFIED","NO","NOT REVIEWED","NOT REVIEWED","NO","NO","NO","NOT REVIEWED","YES — BUILT-LINK VALIDATION","TECHNICALLY PRESENT","PRESENT (1) — APPROPRIATENESS UNREVIEWED","NOT ASSESSED","Generic legacy-content layout; page-specific design not reviewed; 6 images have missing or blank alt text","Create the appropriate reusable layout, then perform full three-viewport review.","NEEDS REDESIGN"
"/our-team/","Our Team - RK Reno Solution","page / About page","200","200","BaseLayout + generic legacy-content renderer","UNVERIFIED","NO","NOT REVIEWED","NOT REVIEWED","NO","NO","NO","NOT REVIEWED","YES — BUILT-LINK VALIDATION","TECHNICALLY PRESENT","PRESENT (1) — APPROPRIATENESS UNREVIEWED","NOT ASSESSED","Generic legacy-content layout; page-specific design not reviewed; 14 images have missing or blank alt text","Create the appropriate reusable layout, then perform full three-viewport review.","NEEDS REDESIGN"
"/pakej-deep-cleaning-rumah-kl-termasuk-pre-hari-raya/","Pakej Deep Cleaning Rumah KL (Termasuk Pre-Hari Raya) - RK Reno Solution","post / Blog/article pages","200","200","BaseLayout + generic legacy-content renderer","UNVERIFIED","NO","NOT REVIEWED","NOT REVIEWED","NO","NO","NO","NOT REVIEWED","YES — BUILT-LINK VALIDATION","TECHNICALLY PRESENT","PRESENT (2) — APPROPRIATENESS UNREVIEWED","NOT ASSESSED","Generic legacy-content layout; page-specific design not reviewed; 7 known source images unavailable; 1 images have missing or blank alt text","Resolve and localize verified source images before visual review.","NEEDS IMAGES"
"/plaster-ceiling-contractor-kl-the-ultimate-design-pricing-guide-2026/","Plaster Ceiling Contractor KL: The Ultimate Design & Pricing Guide (2026) - RK Reno Solution","post / Blog/article pages","200","200","BaseLayout + generic legacy-content renderer","UNVERIFIED","NO","NOT REVIEWED","NOT REVIEWED","NO","NO","NO","NOT REVIEWED","YES — BUILT-LINK VALIDATION","TECHNICALLY PRESENT","PRESENT (2) — APPROPRIATENESS UNREVIEWED","NOT ASSESSED","Generic legacy-content layout; page-specific design not reviewed; 1 WordPress image hotlinks remain; 1 images have missing or blank alt text","Resolve and localize verified source images before visual review.","NEEDS IMAGES"
"/plaster-ceiling-contractor-kl/","Plaster Ceiling Contractor KL - RK Reno Solution","page / Plaster ceiling pages","200","200","BaseLayout + generic legacy-content renderer","UNVERIFIED","NO","NOT REVIEWED","NOT REVIEWED","NO","NO","NO","NOT REVIEWED","YES — BUILT-LINK VALIDATION","TECHNICALLY PRESENT","PRESENT (2) — APPROPRIATENESS UNREVIEWED","NOT ASSESSED","Generic legacy-content layout; page-specific design not reviewed; 3 WordPress image hotlinks remain","Resolve and localize verified source images before visual review.","NEEDS IMAGES"
"/portfolio/axis-industrial-park/","Axis Industrial Park - RK Reno Solution","portfolio / Utility and 404 pages","200","200","BaseLayout + generic legacy-content renderer","UNVERIFIED","NO","NOT REVIEWED","NOT REVIEWED","NO","NO","NO","NOT REVIEWED","YES — BUILT-LINK VALIDATION","TECHNICALLY PRESENT","PRESENT (1) — APPROPRIATENESS UNREVIEWED","NOT ASSESSED","Generic legacy-content layout; page-specific design not reviewed; 7 images have missing or blank alt text","Create the appropriate reusable layout, then perform full three-viewport review.","NEEDS REDESIGN"
"/portfolio/building-a-sustainable-tomorrow/","Building a Sustainable Tomorrow - RK Reno Solution","portfolio / Utility and 404 pages","200","200","BaseLayout + generic legacy-content renderer","UNVERIFIED","NO","NOT REVIEWED","NOT REVIEWED","NO","NO","NO","NOT REVIEWED","YES — BUILT-LINK VALIDATION","TECHNICALLY PRESENT","PRESENT (1) — APPROPRIATENESS UNREVIEWED","NOT ASSESSED","Generic legacy-content layout; page-specific design not reviewed; 7 images have missing or blank alt text","Create the appropriate reusable layout, then perform full three-viewport review.","NEEDS REDESIGN"
"/portfolio/building-excellence-through-innovation/","Building Excellence Through Innovation - RK Reno Solution","portfolio / Utility and 404 pages","200","200","BaseLayout + generic legacy-content renderer","UNVERIFIED","NO","NOT REVIEWED","NOT REVIEWED","NO","NO","NO","NOT REVIEWED","YES — BUILT-LINK VALIDATION","TECHNICALLY PRESENT","PRESENT (1) — APPROPRIATENESS UNREVIEWED","NOT ASSESSED","Generic legacy-content layout; page-specific design not reviewed; 7 images have missing or blank alt text","Create the appropriate reusable layout, then perform full three-viewport review.","NEEDS REDESIGN"
"/portfolio/crafting-landmark-construction-projects/","Crafting Landmark Construction Projects - RK Reno Solution","portfolio / Utility and 404 pages","200","200","BaseLayout + generic legacy-content renderer","UNVERIFIED","NO","NOT REVIEWED","NOT REVIEWED","NO","NO","NO","NOT REVIEWED","YES — BUILT-LINK VALIDATION","TECHNICALLY PRESENT","PRESENT (1) — APPROPRIATENESS UNREVIEWED","NOT ASSESSED","Generic legacy-content layout; page-specific design not reviewed; 7 images have missing or blank alt text","Create the appropriate reusable layout, then perform full three-viewport review.","NEEDS REDESIGN"
"/portfolio/cutting-edge-strategies-for-building-success/","Cutting-Edge Strategies for Building Success - RK Reno Solution","portfolio / Utility and 404 pages","200","200","BaseLayout + generic legacy-content renderer","UNVERIFIED","NO","NOT REVIEWED","NOT REVIEWED","NO","NO","NO","NOT REVIEWED","YES — BUILT-LINK VALIDATION","TECHNICALLY PRESENT","PRESENT (1) — APPROPRIATENESS UNREVIEWED","NOT ASSESSED","Generic legacy-content layout; page-specific design not reviewed; 7 images have missing or blank alt text","Create the appropriate reusable layout, then perform full three-viewport review.","NEEDS REDESIGN"
"/portfolio/designing-the-future-of-urban-spaces/","Designing the Future of Urban Spaces - RK Reno Solution","portfolio / Utility and 404 pages","200","200","BaseLayout + generic legacy-content renderer","UNVERIFIED","NO","NOT REVIEWED","NOT REVIEWED","NO","NO","NO","NOT REVIEWED","YES — BUILT-LINK VALIDATION","TECHNICALLY PRESENT","PRESENT (1) — APPROPRIATENESS UNREVIEWED","NOT ASSESSED","Generic legacy-content layout; page-specific design not reviewed; 7 images have missing or blank alt text","Create the appropriate reusable layout, then perform full three-viewport review.","NEEDS REDESIGN"
"/portfolio/expert-solutions-for-modern-structures/","Expert Solutions for Modern Structures - RK Reno Solution","portfolio / Utility and 404 pages","200","200","BaseLayout + generic legacy-content renderer","UNVERIFIED","NO","NOT REVIEWED","NOT REVIEWED","NO","NO","NO","NOT REVIEWED","YES — BUILT-LINK VALIDATION","TECHNICALLY PRESENT","PRESENT (1) — APPROPRIATENESS UNREVIEWED","NOT ASSESSED","Generic legacy-content layout; page-specific design not reviewed; 7 images have missing or blank alt text","Create the appropriate reusable layout, then perform full three-viewport review.","NEEDS REDESIGN"
"/portfolio/innovating-the-next-generation-of-architecture/","Innovating the Next Generation of Architecture - RK Reno Solution","portfolio / Utility and 404 pages","200","200","BaseLayout + generic legacy-content renderer","UNVERIFIED","NO","NOT REVIEWED","NOT REVIEWED","NO","NO","NO","NOT REVIEWED","YES — BUILT-LINK VALIDATION","TECHNICALLY PRESENT","PRESENT (1) — APPROPRIATENESS UNREVIEWED","NOT ASSESSED","Generic legacy-content layout; page-specific design not reviewed; 7 images have missing or blank alt text","Create the appropriate reusable layout, then perform full three-viewport review.","NEEDS REDESIGN"
"/portfolio/innovative-approaches-to-construction-excellence/","Innovative Approaches to Construction Excellence - RK Reno Solution","portfolio / Utility and 404 pages","200","200","BaseLayout + generic legacy-content renderer","UNVERIFIED","NO","NOT REVIEWED","NOT REVIEWED","NO","NO","NO","NOT REVIEWED","YES — BUILT-LINK VALIDATION","TECHNICALLY PRESENT","PRESENT (1) — APPROPRIATENESS UNREVIEWED","NOT ASSESSED","Generic legacy-content layout; page-specific design not reviewed; 7 images have missing or blank alt text","Create the appropriate reusable layout, then perform full three-viewport review.","NEEDS REDESIGN"
"/portfolio/innovative-construction-project-showcase/","Innovative Construction Project Showcase - RK Reno Solution","portfolio / Utility and 404 pages","200","200","BaseLayout + generic legacy-content renderer","UNVERIFIED","NO","NOT REVIEWED","NOT REVIEWED","NO","NO","NO","NOT REVIEWED","YES — BUILT-LINK VALIDATION","TECHNICALLY PRESENT","PRESENT (1) — APPROPRIATENESS UNREVIEWED","NOT ASSESSED","Generic legacy-content layout; page-specific design not reviewed; 7 images have missing or blank alt text","Create the appropriate reusable layout, then perform full three-viewport review.","NEEDS REDESIGN"
"/portfolio/mastering-construction-with-precision/","Mastering Construction with Precision - RK Reno Solution","portfolio / Utility and 404 pages","200","200","BaseLayout + generic legacy-content renderer","UNVERIFIED","NO","NOT REVIEWED","NOT REVIEWED","NO","NO","NO","NOT REVIEWED","YES — BUILT-LINK VALIDATION","TECHNICALLY PRESENT","PRESENT (1) — APPROPRIATENESS UNREVIEWED","NOT ASSESSED","Generic legacy-content layout; page-specific design not reviewed; 7 images have missing or blank alt text","Create the appropriate reusable layout, then perform full three-viewport review.","NEEDS REDESIGN"
"/portfolio/oakwood-residence/","Oakwood Residence - RK Reno Solution","portfolio / Utility and 404 pages","200","200","BaseLayout + generic legacy-content renderer","UNVERIFIED","NO","NOT REVIEWED","NOT REVIEWED","NO","NO","NO","NOT REVIEWED","YES — BUILT-LINK VALIDATION","TECHNICALLY PRESENT","PRESENT (1) — APPROPRIATENESS UNREVIEWED","NOT ASSESSED","Generic legacy-content layout; page-specific design not reviewed; 7 images have missing or blank alt text","Create the appropriate reusable layout, then perform full three-viewport review.","NEEDS REDESIGN"
"/portfolio/pioneering-solutions-for-architectural-excellence/","Pioneering Solutions for Architectural Excellence - RK Reno Solution","portfolio / Utility and 404 pages","200","200","BaseLayout + generic legacy-content renderer","UNVERIFIED","NO","NOT REVIEWED","NOT REVIEWED","NO","NO","NO","NOT REVIEWED","YES — BUILT-LINK VALIDATION","TECHNICALLY PRESENT","PRESENT (1) — APPROPRIATENESS UNREVIEWED","NOT ASSESSED","Generic legacy-content layout; page-specific design not reviewed; 7 images have missing or blank alt text","Create the appropriate reusable layout, then perform full three-viewport review.","NEEDS REDESIGN"
"/portfolio/precision-craftsmanship-in-construction/","Precision Craftsmanship in Construction - RK Reno Solution","portfolio / Utility and 404 pages","200","200","BaseLayout + generic legacy-content renderer","UNVERIFIED","NO","NOT REVIEWED","NOT REVIEWED","NO","NO","NO","NOT REVIEWED","YES — BUILT-LINK VALIDATION","TECHNICALLY PRESENT","PRESENT (1) — APPROPRIATENESS UNREVIEWED","NOT ASSESSED","Generic legacy-content layout; page-specific design not reviewed; 7 images have missing or blank alt text","Create the appropriate reusable layout, then perform full three-viewport review.","NEEDS REDESIGN"
"/portfolio/revolutionary-techniques-in-modern-construction/","Revolutionary Techniques in Modern Construction - RK Reno Solution","portfolio / Utility and 404 pages","200","200","BaseLayout + generic legacy-content renderer","UNVERIFIED","NO","NOT REVIEWED","NOT REVIEWED","NO","NO","NO","NOT REVIEWED","YES — BUILT-LINK VALIDATION","TECHNICALLY PRESENT","PRESENT (1) — APPROPRIATENESS UNREVIEWED","NOT ASSESSED","Generic legacy-content layout; page-specific design not reviewed; 7 images have missing or blank alt text","Create the appropriate reusable layout, then perform full three-viewport review.","NEEDS REDESIGN"
"/portfolio/shaping-tomorrows-built-environment/","Shaping Tomorrow’s Built Environment - RK Reno Solution","portfolio / Utility and 404 pages","200","200","BaseLayout + generic legacy-content renderer","UNVERIFIED","NO","NOT REVIEWED","NOT REVIEWED","NO","NO","NO","NOT REVIEWED","YES — BUILT-LINK VALIDATION","TECHNICALLY PRESENT","PRESENT (1) — APPROPRIATENESS UNREVIEWED","NOT ASSESSED","Generic legacy-content layout; page-specific design not reviewed; 7 images have missing or blank alt text","Create the appropriate reusable layout, then perform full three-viewport review.","NEEDS REDESIGN"
"/portfolio/skyline-hub/","Skyline Hub - RK Reno Solution","portfolio / Utility and 404 pages","200","200","BaseLayout + generic legacy-content renderer","UNVERIFIED","NO","NOT REVIEWED","NOT REVIEWED","NO","NO","NO","NOT REVIEWED","YES — BUILT-LINK VALIDATION","TECHNICALLY PRESENT","PRESENT (1) — APPROPRIATENESS UNREVIEWED","NOT ASSESSED","Generic legacy-content layout; page-specific design not reviewed; 7 images have missing or blank alt text","Create the appropriate reusable layout, then perform full three-viewport review.","NEEDS REDESIGN"
"/portfolio/the-ivey-school-of-business/","The Ivey School of Business - RK Reno Solution","portfolio / Utility and 404 pages","200","200","BaseLayout + generic legacy-content renderer","UNVERIFIED","NO","NOT REVIEWED","NOT REVIEWED","NO","NO","NO","NOT REVIEWED","YES — BUILT-LINK VALIDATION","TECHNICALLY PRESENT","PRESENT (1) — APPROPRIATENESS UNREVIEWED","NOT ASSESSED","Generic legacy-content layout; page-specific design not reviewed; 7 images have missing or blank alt text","Create the appropriate reusable layout, then perform full three-viewport review.","NEEDS REDESIGN"
"/portfolio/transforming-designs-into-reality/","Transforming Designs Into Reality - RK Reno Solution","portfolio / Utility and 404 pages","200","200","BaseLayout + generic legacy-content renderer","UNVERIFIED","NO","NOT REVIEWED","NOT REVIEWED","NO","NO","NO","NOT REVIEWED","YES — BUILT-LINK VALIDATION","TECHNICALLY PRESENT","PRESENT (1) — APPROPRIATENESS UNREVIEWED","NOT ASSESSED","Generic legacy-content layout; page-specific design not reviewed; 7 images have missing or blank alt text","Create the appropriate reusable layout, then perform full three-viewport review.","NEEDS REDESIGN"
"/pricing-plan/","Pricing Plan - RK Reno Solution","page / Utility and 404 pages","200","200","BaseLayout + generic legacy-content renderer","UNVERIFIED","NO","NOT REVIEWED","NOT REVIEWED","NO","NO","NO","NOT REVIEWED","YES — BUILT-LINK VALIDATION","TECHNICALLY PRESENT","PRESENT (1) — APPROPRIATENESS UNREVIEWED","LOW","Generic legacy-content layout; page-specific design not reviewed; WordPress demo or implementation route; 6 images have missing or blank alt text","Decide redirect/removal strategy; do not reproduce irrelevant WordPress clutter.","NEEDS REDESIGN"
"/product-category/repair-expand/","Repair & Expand - RK Reno Solution","product / Category/archive pages","200","200","BaseLayout + generic legacy-content renderer","UNVERIFIED","UNVERIFIED","NOT REVIEWED","NOT REVIEWED","NO","NO","NO","NOT REVIEWED","YES — BUILT-LINK VALIDATION","NO","PRESENT (1) — APPROPRIATENESS UNREVIEWED","LOW","Generic legacy-content layout; page-specific design not reviewed; Irrelevant WooCommerce/shop route retained from WordPress; Thin content (211 normalized characters); Missing meta description","Review the production source and restore useful approved content.","NEEDS CONTENT"
"/product/blackdecker-circular-saw/","Black+Decker Circular Saw - RK Reno Solution","product / Category/archive pages","200","200","BaseLayout + generic legacy-content renderer","UNVERIFIED","UNVERIFIED","NOT REVIEWED","NOT REVIEWED","NO","NO","NO","NOT REVIEWED","YES — BUILT-LINK VALIDATION","TECHNICALLY PRESENT","PRESENT (1) — APPROPRIATENESS UNREVIEWED","LOW","Generic legacy-content layout; page-specific design not reviewed; Irrelevant WooCommerce/shop route retained from WordPress; Thin content (221 normalized characters)","Review the production source and restore useful approved content.","NEEDS CONTENT"
"/product/bosch-js470e-7-0-amp-jigsaw/","Bosch JS470E 7.0-Amp Jigsaw - RK Reno Solution","product / Category/archive pages","200","200","BaseLayout + generic legacy-content renderer","UNVERIFIED","UNVERIFIED","NOT REVIEWED","NOT REVIEWED","NO","NO","NO","NOT REVIEWED","YES — BUILT-LINK VALIDATION","TECHNICALLY PRESENT","PRESENT (1) — APPROPRIATENESS UNREVIEWED","LOW","Generic legacy-content layout; page-specific design not reviewed; Irrelevant WooCommerce/shop route retained from WordPress","Decide redirect/removal strategy; do not reproduce irrelevant WordPress clutter.","NEEDS REDESIGN"
"/product/cutting-circular-saw/","Cutting Circular Saw - RK Reno Solution","product / Category/archive pages","200","200","BaseLayout + generic legacy-content renderer","UNVERIFIED","UNVERIFIED","NOT REVIEWED","NOT REVIEWED","NO","NO","NO","NOT REVIEWED","YES — BUILT-LINK VALIDATION","TECHNICALLY PRESENT","PRESENT (1) — APPROPRIATENESS UNREVIEWED","LOW","Generic legacy-content layout; page-specific design not reviewed; Irrelevant WooCommerce/shop route retained from WordPress","Decide redirect/removal strategy; do not reproduce irrelevant WordPress clutter.","NEEDS REDESIGN"
"/product/dewalt-dwe575sb-circular-saw/","DeWalt DWE575SB Circular Saw - RK Reno Solution","product / Category/archive pages","200","200","BaseLayout + generic legacy-content renderer","UNVERIFIED","UNVERIFIED","NOT REVIEWED","NOT REVIEWED","NO","NO","NO","NOT REVIEWED","YES — BUILT-LINK VALIDATION","TECHNICALLY PRESENT","PRESENT (1) — APPROPRIATENESS UNREVIEWED","LOW","Generic legacy-content layout; page-specific design not reviewed; Irrelevant WooCommerce/shop route retained from WordPress; Thin content (227 normalized characters)","Review the production source and restore useful approved content.","NEEDS CONTENT"
"/product/festool-hk-circular-saw/","Festool HK Circular Saw - RK Reno Solution","product / Category/archive pages","200","200","BaseLayout + generic legacy-content renderer","UNVERIFIED","UNVERIFIED","NOT REVIEWED","NOT REVIEWED","NO","NO","NO","NOT REVIEWED","YES — BUILT-LINK VALIDATION","TECHNICALLY PRESENT","PRESENT (1) — APPROPRIATENESS UNREVIEWED","LOW","Generic legacy-content layout; page-specific design not reviewed; Irrelevant WooCommerce/shop route retained from WordPress; Thin content (217 normalized characters)","Review the production source and restore useful approved content.","NEEDS CONTENT"
"/product/makita-5007mg-magnesium-circular-saw/","Makita 5007MG Magnesium Circular Saw - RK Reno Solution","product / Category/archive pages","200","200","BaseLayout + generic legacy-content renderer","UNVERIFIED","UNVERIFIED","NOT REVIEWED","NOT REVIEWED","NO","NO","NO","NOT REVIEWED","YES — BUILT-LINK VALIDATION","TECHNICALLY PRESENT","PRESENT (1) — APPROPRIATENESS UNREVIEWED","LOW","Generic legacy-content layout; page-specific design not reviewed; Irrelevant WooCommerce/shop route retained from WordPress; Thin content (243 normalized characters)","Review the production source and restore useful approved content.","NEEDS CONTENT"
"/product/metabo-hpt-ripmax-pro-circular-saw/","Metabo HPT Ripmax Pro Circular Saw - RK Reno Solution","product / Category/archive pages","200","200","BaseLayout + generic legacy-content renderer","UNVERIFIED","UNVERIFIED","NOT REVIEWED","NOT REVIEWED","NO","NO","NO","NOT REVIEWED","YES — BUILT-LINK VALIDATION","TECHNICALLY PRESENT","PRESENT (1) — APPROPRIATENESS UNREVIEWED","LOW","Generic legacy-content layout; page-specific design not reviewed; Irrelevant WooCommerce/shop route retained from WordPress; Thin content (239 normalized characters)","Review the production source and restore useful approved content.","NEEDS CONTENT"
"/product/milwaukee-fuel-circular-saw/","Milwaukee FUEL Circular Saw - RK Reno Solution","product / Category/archive pages","200","200","BaseLayout + generic legacy-content renderer","UNVERIFIED","UNVERIFIED","NOT REVIEWED","NOT REVIEWED","NO","NO","NO","NOT REVIEWED","YES — BUILT-LINK VALIDATION","TECHNICALLY PRESENT","PRESENT (1) — APPROPRIATENESS UNREVIEWED","LOW","Generic legacy-content layout; page-specific design not reviewed; Irrelevant WooCommerce/shop route retained from WordPress; Thin content (225 normalized characters)","Review the production source and restore useful approved content.","NEEDS CONTENT"
"/product/ryobi-p505-18v-circular-saw/","Ryobi P505 18V Circular Saw - RK Reno Solution","product / Category/archive pages","200","200","BaseLayout + generic legacy-content renderer","UNVERIFIED","UNVERIFIED","NOT REVIEWED","NOT REVIEWED","NO","NO","NO","NOT REVIEWED","YES — BUILT-LINK VALIDATION","TECHNICALLY PRESENT","PRESENT (1) — APPROPRIATENESS UNREVIEWED","LOW","Generic legacy-content layout; page-specific design not reviewed; Irrelevant WooCommerce/shop route retained from WordPress; Thin content (225 normalized characters)","Review the production source and restore useful approved content.","NEEDS CONTENT"
"/product/skil-5280-01-circular-saw/","Skil 5280-01 Circular Saw - RK Reno Solution","product / Category/archive pages","200","200","BaseLayout + generic legacy-content renderer","UNVERIFIED","UNVERIFIED","NOT REVIEWED","NOT REVIEWED","NO","NO","NO","NOT REVIEWED","YES — BUILT-LINK VALIDATION","TECHNICALLY PRESENT","PRESENT (1) — APPROPRIATENESS UNREVIEWED","LOW","Generic legacy-content layout; page-specific design not reviewed; Irrelevant WooCommerce/shop route retained from WordPress; Thin content (221 normalized characters)","Review the production source and restore useful approved content.","NEEDS CONTENT"
"/product/vacuum-cleaner/","Vacuum Cleaner - RK Reno Solution","product / Category/archive pages","200","200","BaseLayout + generic legacy-content renderer","UNVERIFIED","UNVERIFIED","NOT REVIEWED","NOT REVIEWED","NO","NO","NO","NOT REVIEWED","YES — BUILT-LINK VALIDATION","TECHNICALLY PRESENT","PRESENT (1) — APPROPRIATENESS UNREVIEWED","LOW","Generic legacy-content layout; page-specific design not reviewed; Irrelevant WooCommerce/shop route retained from WordPress; Thin content (199 normalized characters)","Review the production source and restore useful approved content.","NEEDS CONTENT"
"/product/worx-compact-circular-saw/","WORX Compact Circular Saw - RK Reno Solution","product / Category/archive pages","200","200","BaseLayout + generic legacy-content renderer","UNVERIFIED","UNVERIFIED","NOT REVIEWED","NOT REVIEWED","NO","NO","NO","NOT REVIEWED","YES — BUILT-LINK VALIDATION","TECHNICALLY PRESENT","PRESENT (1) — APPROPRIATENESS UNREVIEWED","LOW","Generic legacy-content layout; page-specific design not reviewed; Irrelevant WooCommerce/shop route retained from WordPress; Thin content (221 normalized characters)","Review the production source and restore useful approved content.","NEEDS CONTENT"
"/pu-injection-waterproofing-kl-how-to-fix-wall-cracks-permanently/","PU Injection Waterproofing KL: How to Fix Wall Cracks Permanently - RK Reno Solution","post / Blog/article pages","200","200","BaseLayout + generic legacy-content renderer","UNVERIFIED","NO","NOT REVIEWED","NOT REVIEWED","NO","NO","NO","NOT REVIEWED","YES — BUILT-LINK VALIDATION","TECHNICALLY PRESENT","PRESENT (2) — APPROPRIATENESS UNREVIEWED","NOT ASSESSED","Generic legacy-content layout; page-specific design not reviewed; 1 WordPress image hotlinks remain; 1 images have missing or blank alt text","Resolve and localize verified source images before visual review.","NEEDS IMAGES"
"/sample-page/","Sample Page - RK Reno Solution","page / Utility and 404 pages","200","200","BaseLayout + generic legacy-content renderer","UNVERIFIED","UNVERIFIED","NOT REVIEWED","NOT REVIEWED","NO","NO","NO","NOT REVIEWED","YES — BUILT-LINK VALIDATION","TECHNICALLY PRESENT","PRESENT (1) — APPROPRIATENESS UNREVIEWED","LOW","Generic legacy-content layout; page-specific design not reviewed; WordPress demo or implementation route","Decide redirect/removal strategy; do not reproduce irrelevant WordPress clutter.","NEEDS REDESIGN"
"/service-category/building-architecture/","Building Architecture - RK Reno Solution","taxonomy / Category/archive pages","200","200","BaseLayout + generic legacy-content renderer","UNVERIFIED","NO","NOT REVIEWED","NOT REVIEWED","NO","NO","NO","NOT REVIEWED","YES — BUILT-LINK VALIDATION","NO","PRESENT (1) — APPROPRIATENESS UNREVIEWED","NOT ASSESSED","Generic legacy-content layout; page-specific design not reviewed; Thin content (166 normalized characters); 2 images have missing or blank alt text; Missing meta description","Review the production source and restore useful approved content.","NEEDS CONTENT"
"/service-category/building-renovation/","Building Renovation - RK Reno Solution","taxonomy / Category/archive pages","200","200","BaseLayout + generic legacy-content renderer","UNVERIFIED","NO","NOT REVIEWED","NOT REVIEWED","NO","NO","NO","NOT REVIEWED","YES — BUILT-LINK VALIDATION","NO","PRESENT (1) — APPROPRIATENESS UNREVIEWED","NOT ASSESSED","Generic legacy-content layout; page-specific design not reviewed; Thin content (153 normalized characters); 2 images have missing or blank alt text; Missing meta description","Review the production source and restore useful approved content.","NEEDS CONTENT"
"/service-category/flooring-roofing/","Flooring & Roofing - RK Reno Solution","taxonomy / Category/archive pages","200","200","BaseLayout + generic legacy-content renderer","UNVERIFIED","NO","NOT REVIEWED","NOT REVIEWED","NO","NO","NO","NOT REVIEWED","YES — BUILT-LINK VALIDATION","NO","PRESENT (1) — APPROPRIATENESS UNREVIEWED","NOT ASSESSED","Generic legacy-content layout; page-specific design not reviewed; Thin content (168 normalized characters); 2 images have missing or blank alt text; Missing meta description","Review the production source and restore useful approved content.","NEEDS CONTENT"
"/service-category/general-constracting/","General Constracting - RK Reno Solution","taxonomy / Category/archive pages","200","200","BaseLayout + generic legacy-content renderer","UNVERIFIED","NO","NOT REVIEWED","NOT REVIEWED","NO","NO","NO","NOT REVIEWED","YES — BUILT-LINK VALIDATION","NO","PRESENT (1) — APPROPRIATENESS UNREVIEWED","NOT ASSESSED","Generic legacy-content layout; page-specific design not reviewed; Thin content (175 normalized characters); 2 images have missing or blank alt text; Missing meta description","Review the production source and restore useful approved content.","NEEDS CONTENT"
"/service-category/interior-design/","Interior Design - RK Reno Solution","taxonomy / Category/archive pages","200","200","BaseLayout + generic legacy-content renderer","UNVERIFIED","NO","NOT REVIEWED","NOT REVIEWED","NO","NO","NO","NOT REVIEWED","YES — BUILT-LINK VALIDATION","NO","PRESENT (1) — APPROPRIATENESS UNREVIEWED","NOT ASSESSED","Generic legacy-content layout; page-specific design not reviewed; Thin content (176 normalized characters); 2 images have missing or blank alt text; Missing meta description","Review the production source and restore useful approved content.","NEEDS CONTENT"
"/service-category/repair-expand/","Repair & Expand - RK Reno Solution","taxonomy / Category/archive pages","200","200","BaseLayout + generic legacy-content renderer","UNVERIFIED","NO","NOT REVIEWED","NOT REVIEWED","NO","NO","NO","NOT REVIEWED","YES — BUILT-LINK VALIDATION","NO","PRESENT (1) — APPROPRIATENESS UNREVIEWED","NOT ASSESSED","Generic legacy-content layout; page-specific design not reviewed; Thin content (172 normalized characters); 2 images have missing or blank alt text; Missing meta description","Review the production source and restore useful approved content.","NEEDS CONTENT"
"/service/architecture-design/","Architecture Design - RK Reno Solution","service / Renovation service landing pages","200","200","BaseLayout + generic legacy-content renderer","UNVERIFIED","NO","NOT REVIEWED","NOT REVIEWED","NO","NO","NO","NOT REVIEWED","YES — BUILT-LINK VALIDATION","TECHNICALLY PRESENT","PRESENT (1) — APPROPRIATENESS UNREVIEWED","NOT ASSESSED","Generic legacy-content layout; page-specific design not reviewed; 1 images have missing or blank alt text","Create the appropriate reusable layout, then perform full three-viewport review.","NEEDS REDESIGN"
"/service/building-construction/","Building Construction - RK Reno Solution","service / Renovation service landing pages","200","200","BaseLayout + generic legacy-content renderer","UNVERIFIED","NO","NOT REVIEWED","NOT REVIEWED","NO","NO","NO","NOT REVIEWED","YES — BUILT-LINK VALIDATION","TECHNICALLY PRESENT","PRESENT (1) — APPROPRIATENESS UNREVIEWED","NOT ASSESSED","Generic legacy-content layout; page-specific design not reviewed; 1 images have missing or blank alt text","Create the appropriate reusable layout, then perform full three-viewport review.","NEEDS REDESIGN"
"/service/building-renovation/","building renovation - RK Reno Solution","service / Main renovation page","200","200","BaseLayout + restored WordPress theme layout","PARTIAL — PRIORITY AUDIT ONLY","NO","YES — PRIORITY AUDIT","YES — PRIORITY AUDIT","YES","YES","YES","YES — AUTOMATED PRIORITY CHECK","YES — BUILT-LINK VALIDATION","TECHNICALLY PRESENT","PRESENT (1) — APPROPRIATENESS UNREVIEWED","HIGH — PRIORITY AUDIT, NOT OWNER APPROVED","Raw WordPress/Elementor/WooCommerce markup indicators remain; 1 images have missing or blank alt text","Replace remaining WordPress/Elementor markup with native reusable Astro components.","NEEDS REDESIGN"
"/service/flooring-roofing/","flooring & roofing - RK Reno Solution","service / Renovation service landing pages","200","200","BaseLayout + generic legacy-content renderer","UNVERIFIED","NO","NOT REVIEWED","NOT REVIEWED","NO","NO","NO","NOT REVIEWED","YES — BUILT-LINK VALIDATION","TECHNICALLY PRESENT","PRESENT (1) — APPROPRIATENESS UNREVIEWED","NOT ASSESSED","Generic legacy-content layout; page-specific design not reviewed; 1 images have missing or blank alt text","Create the appropriate reusable layout, then perform full three-viewport review.","NEEDS REDESIGN"
"/service/general-contracting/","general contracting - RK Reno Solution","service / Renovation service landing pages","200","200","BaseLayout + generic legacy-content renderer","UNVERIFIED","NO","NOT REVIEWED","NOT REVIEWED","NO","NO","NO","NOT REVIEWED","YES — BUILT-LINK VALIDATION","TECHNICALLY PRESENT","PRESENT (1) — APPROPRIATENESS UNREVIEWED","NOT ASSESSED","Generic legacy-content layout; page-specific design not reviewed; 1 images have missing or blank alt text","Create the appropriate reusable layout, then perform full three-viewport review.","NEEDS REDESIGN"
"/service/repair-expand/","repair & expand - RK Reno Solution","service / Renovation service landing pages","200","200","BaseLayout + generic legacy-content renderer","UNVERIFIED","NO","NOT REVIEWED","NOT REVIEWED","NO","NO","NO","NOT REVIEWED","YES — BUILT-LINK VALIDATION","TECHNICALLY PRESENT","PRESENT (1) — APPROPRIATENESS UNREVIEWED","NOT ASSESSED","Generic legacy-content layout; page-specific design not reviewed; 1 images have missing or blank alt text","Create the appropriate reusable layout, then perform full three-viewport review.","NEEDS REDESIGN"
"/services/","Services - RK Reno Solution","page / Main services page","200","200","BaseLayout + restored WordPress theme layout","PARTIAL — PRIORITY AUDIT ONLY","NO","YES — PRIORITY AUDIT","YES — PRIORITY AUDIT","YES","YES","YES","YES — AUTOMATED PRIORITY CHECK","YES — BUILT-LINK VALIDATION","TECHNICALLY PRESENT","PRESENT (1) — APPROPRIATENESS UNREVIEWED","HIGH — PRIORITY AUDIT, NOT OWNER APPROVED","Raw WordPress/Elementor/WooCommerce markup indicators remain; 6 images have missing or blank alt text","Replace remaining WordPress/Elementor markup with native reusable Astro components.","NEEDS REDESIGN"
"/servis-aircond-murah-kl-the-ultimate-2026-guide-to-a-colder-home/","Servis Aircond Murah KL: The Ultimate 2026 Guide to a Colder Home - RK Reno Solution","post / Blog/article pages","200","200","BaseLayout + generic legacy-content renderer","UNVERIFIED","NO","NOT REVIEWED","NOT REVIEWED","NO","NO","NO","NOT REVIEWED","YES — BUILT-LINK VALIDATION","TECHNICALLY PRESENT","PRESENT (2) — APPROPRIATENESS UNREVIEWED","NOT ASSESSED","Generic legacy-content layout; page-specific design not reviewed; 1 WordPress image hotlinks remain; 1 images have missing or blank alt text","Resolve and localize verified source images before visual review.","NEEDS IMAGES"
"/servis-aircond-murah-kl/","Servis Aircond Murah KL - RK Reno Solution","page / Aircond service landing pages","200","200","BaseLayout + page-specific custom layout","PARTIAL — PRIORITY AUDIT ONLY","YES","YES — PRIORITY AUDIT","YES — PRIORITY AUDIT","YES","YES","YES","YES — AUTOMATED PRIORITY CHECK","YES — BUILT-LINK VALIDATION","TECHNICALLY PRESENT","PRESENT (2) — APPROPRIATENESS UNREVIEWED","HIGH — PRIORITY AUDIT, NOT OWNER APPROVED","No automated issue; full visual/content review still required","Retain for the controlled batch review; owner approval is still required.","TECHNICALLY COMPLETE"
"/servis-cuci-rumah-kl-the-ultimate-2026-guide-to-a-spotless-home/","Servis Cuci Rumah KL: The Ultimate 2026 Guide to a Spotless Home - RK Reno Solution","post / Blog/article pages","200","200","BaseLayout + generic legacy-content renderer","UNVERIFIED","NO","NOT REVIEWED","NOT REVIEWED","NO","NO","NO","NOT REVIEWED","YES — BUILT-LINK VALIDATION","TECHNICALLY PRESENT","PRESENT (2) — APPROPRIATENESS UNREVIEWED","NOT ASSESSED","Generic legacy-content layout; page-specific design not reviewed; 1 WordPress image hotlinks remain; 1 images have missing or blank alt text","Resolve and localize verified source images before visual review.","NEEDS IMAGES"
"/servis-cuci-rumah-kl/","Servis Cuci Rumah KL - RK Reno Solution","page / Cleaning pages","200","200","BaseLayout + generic legacy-content renderer","UNVERIFIED","UNVERIFIED","NOT REVIEWED","NOT REVIEWED","NO","NO","NO","NOT REVIEWED","YES — BUILT-LINK VALIDATION","TECHNICALLY PRESENT","PRESENT (2) — APPROPRIATENESS UNREVIEWED","NOT ASSESSED","Generic legacy-content layout; page-specific design not reviewed","Create the appropriate reusable layout, then perform full three-viewport review.","NEEDS REDESIGN"
"/shop/","Shop - RK Reno Solution","page / Category/archive pages","200","200","BaseLayout + generic legacy-content renderer","UNVERIFIED","UNVERIFIED","NOT REVIEWED","NOT REVIEWED","NO","NO","NO","NOT REVIEWED","YES — BUILT-LINK VALIDATION","NO","PRESENT (1) — APPROPRIATENESS UNREVIEWED","LOW","Generic legacy-content layout; page-specific design not reviewed; Irrelevant WooCommerce/shop route retained from WordPress; Missing meta description","Decide redirect/removal strategy; do not reproduce irrelevant WordPress clutter.","NEEDS REDESIGN"
"/tag/aircond-maintenance/","Aircond Maintenance - RK Reno Solution","taxonomy / Category/archive pages","200","200","BaseLayout + generic legacy-content renderer","UNVERIFIED","NO","NOT REVIEWED","NOT REVIEWED","NO","NO","NO","NOT REVIEWED","YES — BUILT-LINK VALIDATION","NO","PRESENT (1) — APPROPRIATENESS UNREVIEWED","NOT ASSESSED","Generic legacy-content layout; page-specific design not reviewed; Thin content (228 normalized characters); 1 images have missing or blank alt text; Missing meta description","Review the production source and restore useful approved content.","NEEDS CONTENT"
"/tag/ceiling-works/","Ceiling Works - RK Reno Solution","taxonomy / Category/archive pages","200","200","BaseLayout + generic legacy-content renderer","UNVERIFIED","NO","NOT REVIEWED","NOT REVIEWED","NO","NO","NO","NOT REVIEWED","YES — BUILT-LINK VALIDATION","NO","PRESENT (1) — APPROPRIATENESS UNREVIEWED","NOT ASSESSED","Generic legacy-content layout; page-specific design not reviewed; Thin content (254 normalized characters); 1 images have missing or blank alt text; Exact content duplicate of /category/interior-design/; Missing meta description","Review the production source and restore useful approved content.","NEEDS CONTENT"
"/tag/cleaning/","Cleaning - RK Reno Solution","taxonomy / Category/archive pages","200","200","BaseLayout + generic legacy-content renderer","UNVERIFIED","NO","NOT REVIEWED","NOT REVIEWED","NO","NO","NO","NOT REVIEWED","YES — BUILT-LINK VALIDATION","NO","PRESENT (1) — APPROPRIATENESS UNREVIEWED","NOT ASSESSED","Generic legacy-content layout; page-specific design not reviewed; Thin content (227 normalized characters); 1 images have missing or blank alt text; Missing meta description","Review the production source and restore useful approved content.","NEEDS CONTENT"
"/tag/guide/","Guide - RK Reno Solution","taxonomy / Category/archive pages","200","200","BaseLayout + generic legacy-content renderer","UNVERIFIED","NO","NOT REVIEWED","NOT REVIEWED","NO","NO","NO","NOT REVIEWED","YES — BUILT-LINK VALIDATION","NO","PRESENT (1) — APPROPRIATENESS UNREVIEWED","NOT ASSESSED","Generic legacy-content layout; page-specific design not reviewed; Thin content (242 normalized characters); 1 images have missing or blank alt text; Missing meta description","Review the production source and restore useful approved content.","NEEDS CONTENT"
"/tag/interior-finishing/","Interior Finishing - RK Reno Solution","taxonomy / Category/archive pages","200","200","BaseLayout + generic legacy-content renderer","UNVERIFIED","NO","NOT REVIEWED","NOT REVIEWED","NO","NO","NO","NOT REVIEWED","YES — BUILT-LINK VALIDATION","NO","PRESENT (1) — APPROPRIATENESS UNREVIEWED","NOT ASSESSED","Generic legacy-content layout; page-specific design not reviewed; 2 images have missing or blank alt text; Missing meta description","Create the appropriate reusable layout, then perform full three-viewport review.","NEEDS REDESIGN"
"/tag/kuala-lumpur/","Kuala Lumpur - RK Reno Solution","taxonomy / Category/archive pages","200","200","BaseLayout + generic legacy-content renderer","UNVERIFIED","NO","NOT REVIEWED","NOT REVIEWED","NO","NO","NO","NOT REVIEWED","YES — BUILT-LINK VALIDATION","NO","PRESENT (1) — APPROPRIATENESS UNREVIEWED","NOT ASSESSED","Generic legacy-content layout; page-specific design not reviewed; Thin content (235 normalized characters); 1 images have missing or blank alt text; Exact content duplicate of /category/servis-pembersihan/; Missing meta description","Review the production source and restore useful approved content.","NEEDS CONTENT"
"/tag/office-fit-out/","Office Fit-Out - RK Reno Solution","taxonomy / Category/archive pages","200","200","BaseLayout + generic legacy-content renderer","UNVERIFIED","NO","NOT REVIEWED","NOT REVIEWED","NO","NO","NO","NOT REVIEWED","YES — BUILT-LINK VALIDATION","NO","PRESENT (1) — APPROPRIATENESS UNREVIEWED","NOT ASSESSED","Generic legacy-content layout; page-specific design not reviewed; Thin content (253 normalized characters); 1 images have missing or blank alt text; Missing meta description","Review the production source and restore useful approved content.","NEEDS CONTENT"
"/tag/pemasangan-aircond/","Pemasangan Aircond - RK Reno Solution","taxonomy / Category/archive pages","200","200","BaseLayout + generic legacy-content renderer","UNVERIFIED","NO","NOT REVIEWED","NOT REVIEWED","NO","NO","NO","NOT REVIEWED","YES — BUILT-LINK VALIDATION","NO","PRESENT (1) — APPROPRIATENESS UNREVIEWED","NOT ASSESSED","Generic legacy-content layout; page-specific design not reviewed; Thin content (241 normalized characters); 1 images have missing or blank alt text; Missing meta description","Review the production source and restore useful approved content.","NEEDS CONTENT"
"/tag/waterproofing/","Waterproofing - RK Reno Solution","taxonomy / Category/archive pages","200","200","BaseLayout + generic legacy-content renderer","UNVERIFIED","NO","NOT REVIEWED","NOT REVIEWED","NO","NO","NO","NOT REVIEWED","YES — BUILT-LINK VALIDATION","NO","PRESENT (1) — APPROPRIATENESS UNREVIEWED","NOT ASSESSED","Generic legacy-content layout; page-specific design not reviewed; 2 images have missing or blank alt text; Missing meta description","Create the appropriate reusable layout, then perform full three-viewport review.","NEEDS REDESIGN"
"/tag/wiring/","Wiring - RK Reno Solution","taxonomy / Category/archive pages","200","200","BaseLayout + generic legacy-content renderer","UNVERIFIED","NO","NOT REVIEWED","NOT REVIEWED","NO","NO","NO","NOT REVIEWED","YES — BUILT-LINK VALIDATION","NO","PRESENT (1) — APPROPRIATENESS UNREVIEWED","NOT ASSESSED","Generic legacy-content layout; page-specific design not reviewed; Thin content (267 normalized characters); 1 images have missing or blank alt text; Exact content duplicate of /category/technical-guides/; Missing meta description","Review the production source and restore useful approved content.","NEEDS CONTENT"
"/team-detail/","Team Detail - RK Reno Solution","page / About page","200","200","BaseLayout + generic legacy-content renderer","UNVERIFIED","NO","NOT REVIEWED","NOT REVIEWED","NO","NO","NO","NOT REVIEWED","YES — BUILT-LINK VALIDATION","TECHNICALLY PRESENT","PRESENT (1) — APPROPRIATENESS UNREVIEWED","NOT ASSESSED","Generic legacy-content layout; page-specific design not reviewed; 1 images have missing or blank alt text","Create the appropriate reusable layout, then perform full three-viewport review.","NEEDS REDESIGN"
"/testimonials/","Testimonials - RK Reno Solution","page / About page","200","200","BaseLayout + generic legacy-content renderer","UNVERIFIED","NO","NOT REVIEWED","NOT REVIEWED","NO","NO","NO","NOT REVIEWED","YES — BUILT-LINK VALIDATION","TECHNICALLY PRESENT","PRESENT (1) — APPROPRIATENESS UNREVIEWED","NOT ASSESSED","Generic legacy-content layout; page-specific design not reviewed; 6 images have missing or blank alt text","Create the appropriate reusable layout, then perform full three-viewport review.","NEEDS REDESIGN"
"/thank-you/","Thank You - RK Reno Solution","page / Utility and 404 pages","200","200","BaseLayout + generic legacy-content renderer","UNVERIFIED","UNVERIFIED","NOT REVIEWED","NOT REVIEWED","NO","NO","NO","NOT REVIEWED","YES — BUILT-LINK VALIDATION","TECHNICALLY PRESENT","PRESENT (1) — APPROPRIATENESS UNREVIEWED","NOT ASSESSED","Generic legacy-content layout; page-specific design not reviewed; Thin content (112 normalized characters)","Review the production source and restore useful approved content.","NEEDS CONTENT"
"/upah-pasang-aircond-selangor-panduan-harga-pemasangan-2026/","Upah Pasang Aircond Selangor 2026 | Harga & Pemasangan","post / Blog/article pages","200","200","BaseLayout + page-specific custom layout","PARTIAL — PRIORITY AUDIT ONLY","YES","YES — PRIORITY AUDIT","YES — PRIORITY AUDIT","YES","YES","YES","YES — AUTOMATED PRIORITY CHECK","YES — BUILT-LINK VALIDATION","TECHNICALLY PRESENT","PRESENT (1) — APPROPRIATENESS UNREVIEWED","HIGH — PRIORITY AUDIT, NOT OWNER APPROVED","No automated issue; full visual/content review still required","Retain for the controlled batch review; owner approval is still required.","TECHNICALLY COMPLETE"
"/upah-pasang-aircond-selangor/","Aircond Installation Selangor | Upah Pasang Aircond","page / Aircond service landing pages","200","200","BaseLayout + page-specific custom layout","PARTIAL — PRIORITY AUDIT ONLY","YES","YES — PRIORITY AUDIT","YES — PRIORITY AUDIT","YES","YES","YES","YES — AUTOMATED PRIORITY CHECK","YES — BUILT-LINK VALIDATION","TECHNICALLY PRESENT","PRESENT (1) — APPROPRIATENESS UNREVIEWED","HIGH — PRIORITY AUDIT, NOT OWNER APPROVED","No automated issue; full visual/content review still required","Retain for the controlled batch review; owner approval is still required.","TECHNICALLY COMPLETE"
"/waterproofing-contractor-kuala-lumpur-the-complete-guide-to-stopping-leaks-2026/","Waterproofing Contractor Kuala Lumpur: The Complete Guide to Stopping Leaks (2026) - RK Reno Solution","post / Blog/article pages","200","200","BaseLayout + generic legacy-content renderer","UNVERIFIED","NO","NOT REVIEWED","NOT REVIEWED","NO","NO","NO","NOT REVIEWED","YES — BUILT-LINK VALIDATION","TECHNICALLY PRESENT","PRESENT (2) — APPROPRIATENESS UNREVIEWED","NOT ASSESSED","Generic legacy-content layout; page-specific design not reviewed; 1 WordPress image hotlinks remain; 1 images have missing or blank alt text","Resolve and localize verified source images before visual review.","NEEDS IMAGES"
"/waterproofing-contractor-kuala-lumpur/","Waterproofing Contractor Kuala Lumpur - RK Reno Solution","page / Waterproofing pages","200","200","BaseLayout + generic legacy-content renderer","UNVERIFIED","NO","NOT REVIEWED","NOT REVIEWED","NO","NO","NO","NOT REVIEWED","YES — BUILT-LINK VALIDATION","TECHNICALLY PRESENT","PRESENT (2) — APPROPRIATENESS UNREVIEWED","NOT ASSESSED","Generic legacy-content layout; page-specific design not reviewed; 1 WordPress image hotlinks remain","Resolve and localize verified source images before visual review.","NEEDS IMAGES"
"/wishlist/","Wishlist - RK Reno Solution","page / Category/archive pages","200","200","BaseLayout + generic legacy-content renderer","UNVERIFIED","UNVERIFIED","NOT REVIEWED","NOT REVIEWED","NO","NO","NO","NOT REVIEWED","YES — BUILT-LINK VALIDATION","TECHNICALLY PRESENT","PRESENT (1) — APPROPRIATENESS UNREVIEWED","LOW","Generic legacy-content layout; page-specific design not reviewed; Irrelevant WooCommerce/shop route retained from WordPress; Thin content (80 normalized characters)","Review the production source and restore useful approved content.","NEEDS CONTENT"
