"route","httpStatus","finalResolvedUrl","redirectsBeforePage","title","metaDescription","canonical","robots","h1","mainHeadings","openGraphTitle","openGraphDescription","openGraphUrl","openGraphImage","schemaTypes","publishedDate","modifiedDate","sitemapPresence","importantInternalLinks","mainVisibleContentHash","mainVisibleWordCount","imageReferences","googleSiteVerification","sourceStatus"
"/","200","https://rkrenosolution.com/","","Home - RK Reno Solution","RK Reno Solution Reliable Renovation Contractor in KL & Selangor Transform your home, office, or commercial space with RK Reno Solution. We provide renovation, waterproofing, plaster ceiling, aircond installation, and cleaning services with practical planning, skilled workmanship, and clear communication from start to finish. Our Services Get Free Consultation TRUSTED BY 1,250+ HAPPY CUSTOMERS 1","https://rkrenosolution.com/","max-image-preview:large","Reliable Renovation Contractor in KL & Selangor","H1:Reliable Renovation Contractor in KL & Selangor | H1:Practical Renovation Solutions for Better Spaces | H5:Smart Work Planning | H5:Skilled Service Team | H5:Have questions? Call Us: | H1:Renovation, Repair & Installation Services in KL and Selangor | H4:Pakej Deep Cleaning Rumah KL (Termasuk Pre-Hari Raya) | H4:Commercial Retail Shop Renovation in Kuala Lumpur | H4:PU Injection Waterproofing KL: How to Fix Wall Cracks Permanently | H4:Office Renovation Petaling Jaya: Corporate Fit-Out Experts | H4:Waterproofing Contractor Kuala Lumpur: The Complete Guide to Stopping Leaks (2026) | H4:Upah Pasang Aircond Selangor: Panduan Harga & Pemasangan (2026) | H1:Reliable Service for Homes, Offices & Commercial Spaces | H3:Local Service Experience | H3:Clean & Careful Workmanship | H3:Clear Communication | H1:How We Handle Your Project | H5:Inquiry & Consultation | H2:Steps | H5:Site Check & Quotation | H5:Work Planning & Execution | H5:Completion & Handover | H3:Ready to improve your space? | H3:Get In Touch With Us | H1:What Customers Say About RK Reno Solution | H3:Homeowner in Selangor | H3:Business Owner in Kuala Lumpur | H3:Property Owner in KL | H1:Need Renovation or Repair Work?","Home - RK Reno Solution","RK Reno Solution Reliable Renovation Contractor in KL & Selangor Transform your home, office, or commercial space with RK Reno Solution. We provide renovation, waterproofing, plaster ceiling, aircond installation, and cleaning services with practical planning, skilled workmanship, and clear communication from start to finish. Our Services Get Free Consultation TRUSTED BY 1,250+ HAPPY CUSTOMERS 1","https://rkrenosolution.com/","https://rkrenosolution.com/wp-content/uploads/2026/03/RK-Reno-Solutions-Logo.png","BreadcrumbList | Organization | WebPage | WebSite","2025-03-26T02:58:50+00:00","2026-05-21T12:12:21+00:00","FALSE","/services/ | /contact-us/ | /about-us/ | /pakej-deep-cleaning-rumah-kl-termasuk-pre-hari-raya/ | /category/maintenance/ | /category/servis-pembersihan/ | /commercial-retail-shop-renovation-in-kuala-lumpur/ | /category/renovation/ | /pu-injection-waterproofing-kl-how-to-fix-wall-cracks-permanently/ | /office-renovation-petaling-jaya-corporate-fit-out-experts/ | /category/commercial/ | /waterproofing-contractor-kuala-lumpur-the-complete-guide-to-stopping-leaks-2026/ | /upah-pasang-aircond-selangor-panduan-harga-pemasangan-2026/ | /category/hvac-guides/","8a9e895ba996f67c21c5e6af461b38d4b5755d34a80197976403181bd7f5d783","727","https://rkrenosolution.com/wp-content/uploads/2026/05/RK-Reno-Solution-contractor-reviewing-renovation-project.jpeg | https://rkrenosolution.com/wp-content/uploads/2026/05/Modern-building-renovation-and-property-improvement.jpeg | https://rkrenosolution.com/wp-content/uploads/2025/03/home6-bg-04.png | https://rkrenosolution.com/wp-content/uploads/2026/05/Construction-workers-discussing-renovation-plans.jpeg | https://rkrenosolution.com/wp-content/uploads/2025/01/avartar1-90x90.webp | https://rkrenosolution.com/wp-content/uploads/2025/03/home7-img7.webp","","AVAILABLE"
"/services/","200","https://rkrenosolution.com/services/","","Services - RK Reno Solution","Property Services Done with Care and Clear Planning Whether you need renovation, repair, ceiling work, leakage solutions, aircond installation, or cleaning service, our team starts by understanding your space, checking the work needed, and guiding you with the right service approach. Site Checking We review your space and service requirement before starting, so the work","https://rkrenosolution.com/services/","max-image-preview:large","","H2:Property Services Done with Care and Clear Planning | H3:Site Checking | H3:Workmanship | H3:Clear Communication | H2:Renovation, Repair & Installation Services in KL and Selangor | H4:Pakej Deep Cleaning Rumah KL (Termasuk Pre-Hari Raya) | H4:Commercial Retail Shop Renovation in Kuala Lumpur | H4:PU Injection Waterproofing KL: How to Fix Wall Cracks Permanently | H4:Office Renovation Petaling Jaya: Corporate Fit-Out Experts | H4:Waterproofing Contractor Kuala Lumpur: The Complete Guide to Stopping Leaks (2026) | H4:Upah Pasang Aircond Selangor: Panduan Harga & Pemasangan (2026)","Services - RK Reno Solution","Property Services Done with Care and Clear Planning Whether you need renovation, repair, ceiling work, leakage solutions, aircond installation, or cleaning service, our team starts by understanding your space, checking the work needed, and guiding you with the right service approach. Site Checking We review your space and service requirement before starting, so the work","https://rkrenosolution.com/services/","https://rkrenosolution.com/wp-content/uploads/2026/03/RK-Reno-Solutions-Logo.png","BreadcrumbList | Organization | WebPage | WebSite","2025-01-14T07:15:28+00:00","2026-05-21T15:44:26+00:00","FALSE","/about-us/ | /category/maintenance/ | /category/servis-pembersihan/ | /pakej-deep-cleaning-rumah-kl-termasuk-pre-hari-raya/ | /category/renovation/ | /commercial-retail-shop-renovation-in-kuala-lumpur/ | /pu-injection-waterproofing-kl-how-to-fix-wall-cracks-permanently/ | /category/commercial/ | /office-renovation-petaling-jaya-corporate-fit-out-experts/ | /waterproofing-contractor-kuala-lumpur-the-complete-guide-to-stopping-leaks-2026/ | /category/hvac-guides/ | /upah-pasang-aircond-selangor-panduan-harga-pemasangan-2026/","4dd0c34359de37e57203d2cc31e578834fa680c1b3b7fc3d65ad10dfed45c8e9","246","https://rkrenosolution.com/wp-content/uploads/2026/05/Renovation-contractor-for-commercial-buildings.jpeg | https://secure.gravatar.com/avatar/4c7a7e136a0e22539059a09b5784869ac34f14870c8711497f9feb22be355403?s=96&d=mm&r=g | https://secure.gravatar.com/avatar/4c7a7e136a0e22539059a09b5784869ac34f14870c8711497f9feb22be355403?s=96&d=mm&r=g | https://secure.gravatar.com/avatar/4c7a7e136a0e22539059a09b5784869ac34f14870c8711497f9feb22be355403?s=96&d=mm&r=g | https://secure.gravatar.com/avatar/4c7a7e136a0e22539059a09b5784869ac34f14870c8711497f9feb22be355403?s=96&d=mm&r=g | https://secure.gravatar.com/avatar/4c7a7e136a0e22539059a09b5784869ac34f14870c8711497f9feb22be355403?s=96&d=mm&r=g | https://secure.gravatar.com/avatar/4c7a7e136a0e22539059a09b5784869ac34f14870c8711497f9feb22be355403?s=96&d=mm&r=g","","AVAILABLE"
"/about-us/","200","https://rkrenosolution.com/about-us/","","About us - RK Reno Solution","1 year of experience Who We Are RK Reno Solution is a Kuala Lumpur based renovation and service team helping homeowners and business owners improve their spaces with practical, reliable, and clean workmanship. Our Mission Our mission is to make renovation, repair, and installation work simple for customers by offering clear guidance, proper site checking, and","https://rkrenosolution.com/about-us/","max-image-preview:large","Meet Our Leadership","H3:year of experience | H3:Who We Are | H3:Our Mission | H3:Core Values | H2:Reliable Renovation Contractor in KL and Selangor | H2:Every Renovation Decision Matters | H5:Practical Site Advice | H5:Careful Workmanship | H5:Clear Work Process | H5:Honest Communication | H2:Simple, Clear and Practical Renovation Support | H1:Meet Our Leadership | H3:Home Renovation | H3:Office Renovation | H3:Waterproofing Services | H3:Plaster Ceiling and Aircond Installation | H2:Serving Kuala Lumpur, Selangor and Nearby Areas | H4:Kuala Lumpur | H4:Selangor | H4:Setapak | H4:Nearby Areas","About us - RK Reno Solution","1 year of experience Who We Are RK Reno Solution is a Kuala Lumpur based renovation and service team helping homeowners and business owners improve their spaces with practical, reliable, and clean workmanship. Our Mission Our mission is to make renovation, repair, and installation work simple for customers by offering clear guidance, proper site checking, and","https://rkrenosolution.com/about-us/","https://rkrenosolution.com/wp-content/uploads/2026/03/RK-Reno-Solutions-Logo.png","BreadcrumbList | Organization | WebPage | WebSite","2025-02-12T10:03:49+00:00","2026-05-21T15:11:32+00:00","FALSE","/ | /contact-us/","213515df5d9149b7a280c397ee58274d9a4144d6ba05fdc1c14d401657b1c2be","553","https://rkrenosolution.com/wp-content/uploads/2025/02/about2.webp | https://rkrenosolution.com/wp-content/uploads/2026/05/Renovation-planning-and-project-drawings.jpeg | https://rkrenosolution.com/wp-content/uploads/2026/05/Renovation-planning-and-project-drawings-1.jpeg | https://rkrenosolution.com/wp-content/uploads/2025/02/shape6.webp | https://rkrenosolution.com/wp-content/uploads/2025/02/shape5.webp | https://rkrenosolution.com/wp-content/uploads/2026/05/Home-renovation-service-in-KL.jpeg | https://rkrenosolution.com/wp-content/uploads/2026/05/Office-renovation-service-in-Selangor.jpeg | https://rkrenosolution.com/wp-content/uploads/2026/05/Bathroom-waterproofing-service-in-KL.jpeg | https://rkrenosolution.com/wp-content/uploads/2026/05/Plaster-ceiling-and-aircond-installation.jpeg | https://rkrenosolution.com/wp-content/uploads/2026/05/Service-areas-in-KL-and-Selangor.jpeg","","AVAILABLE"
"/contact-us/","200","https://rkrenosolution.com/contact-us/","","Contact Us - RK Reno Solution","get in touch Have a question? Please contact us using the customer support channels below. Address: 4-2, Jalan 3/50C, Setapak, 53000 Kuala LumpurPhone number: +60 11 1133 4496Email: rkrenosolution@gmail.com Please submit all general enquiries in the contact form below and we look forward to hearing from you soon. Full Name* Email Address* Phone Number* Your services*What are","https://rkrenosolution.com/contact-us/","max-image-preview:large","","H2:get in touch | H3:","Contact Us - RK Reno Solution","get in touch Have a question? Please contact us using the customer support channels below. Address: 4-2, Jalan 3/50C, Setapak, 53000 Kuala LumpurPhone number: +60 11 1133 4496Email: rkrenosolution@gmail.com Please submit all general enquiries in the contact form below and we look forward to hearing from you soon. Full Name* Email Address* Phone Number* Your services*What are","https://rkrenosolution.com/contact-us/","https://rkrenosolution.com/wp-content/uploads/2026/03/RK-Reno-Solutions-Logo.png","BreadcrumbList | Organization | WebPage | WebSite","2025-01-13T08:11:04+00:00","2026-03-28T12:16:09+00:00","FALSE","/","7ad65c93e282b35d9448241c0e96ccb9f48e5b10c2d0881637c27ff6a629a6de","70","https://rkrenosolution.com/wp-content/uploads/2025/01/ct-08.webp | https://rkrenosolution.com/wp-content/uploads/2025/01/ct-07.webp","","AVAILABLE"
"/servis-aircond-murah-kl/","200","https://rkrenosolution.com/servis-aircond-murah-kl/","","Servis Aircond Murah KL - RK Reno Solution","Harga Bajet Pantas Dipercayai Pakar Servis Aircond Murah KL Aircond kurang sejuk atau bocor air? RK Reno Solution menawarkan Servis Aircond Murah KL yang pantas dan berkualiti. Kami pakar cucian kimia (chemical wash), tambah gas, dan baik pulih untuk rumah dan pejabat anda. WhatsApp Sekarang Email Sebut Harga RM 60+ Harga Bermula Pantass Masa Respons","https://rkrenosolution.com/servis-aircond-murah-kl/","max-image-preview:large","","","Servis Aircond Murah KL - RK Reno Solution","Harga Bajet Pantas Dipercayai Pakar Servis Aircond Murah KL Aircond kurang sejuk atau bocor air? RK Reno Solution menawarkan Servis Aircond Murah KL yang pantas dan berkualiti. Kami pakar cucian kimia (chemical wash), tambah gas, dan baik pulih untuk rumah dan pejabat anda. WhatsApp Sekarang Email Sebut Harga RM 60+ Harga Bermula Pantass Masa Respons","https://rkrenosolution.com/servis-aircond-murah-kl/","https://rkrenosolution.com/wp-content/uploads/2026/03/RK-Reno-Solutions-Logo.png","BreadcrumbList | Organization | WebPage | WebSite | HVACBusiness","2026-03-28T10:23:14+00:00","2026-04-04T13:42:53+00:00","FALSE","","e3b0c44298fc1c149afbf4c8996fb92427ae41e4649b934ca495991b7852b855","0","","","AVAILABLE"
"/aircond-installation-kl/","200","https://rkrenosolution.com/aircond-installation-kl/","","Aircond Installation KL | Upah Pasang Aircond RM220","Aircond installation KL for homes, condos, offices and shops. Base price from RM220 including 5 feet copper pipe and wiring. WhatsApp for a quote.","https://rkrenosolution.com/aircond-installation-kl/","max-image-preview:large","","","Aircond Installation KL | Upah Pasang Aircond RM220","Aircond installation KL for homes, condos, offices and shops. Base price from RM220 including 5 feet copper pipe and wiring. WhatsApp for a quote.","https://rkrenosolution.com/aircond-installation-kl/","https://rkrenosolution.com/wp-content/uploads/2026/03/RK-Reno-Solutions-Logo.png","BreadcrumbList | Organization | WebPage | WebSite","2026-03-28T10:07:44+00:00","2026-07-17T13:03:28+00:00","FALSE","","e3b0c44298fc1c149afbf4c8996fb92427ae41e4649b934ca495991b7852b855","0","","","AVAILABLE"
"/upah-pasang-aircond-selangor/","200","https://rkrenosolution.com/upah-pasang-aircond-selangor/","","Aircond Installation Selangor | Upah Pasang Aircond","Servis aircond installation Selangor untuk rumah, pejabat dan kedai. Semak anggaran harga, proses pemasangan dan dapatkan quotation melalui WhatsApp.","https://rkrenosolution.com/upah-pasang-aircond-selangor/","max-image-preview:large","","","Aircond Installation Selangor | Upah Pasang Aircond","Servis aircond installation Selangor untuk rumah, pejabat dan kedai. Semak anggaran harga, proses pemasangan dan dapatkan quotation melalui WhatsApp.","https://rkrenosolution.com/upah-pasang-aircond-selangor/","https://rkrenosolution.com/wp-content/uploads/2026/03/RK-Reno-Solutions-Logo.png","BreadcrumbList | Organization | WebPage | WebSite","2026-03-28T10:25:46+00:00","2026-07-15T20:13:14+00:00","FALSE","","e3b0c44298fc1c149afbf4c8996fb92427ae41e4649b934ca495991b7852b855","0","","","AVAILABLE"
"/upah-pasang-aircond-selangor-panduan-harga-pemasangan-2026/","200","https://rkrenosolution.com/upah-pasang-aircond-selangor-panduan-harga-pemasangan-2026/","","Upah Pasang Aircond Selangor 2026 | Harga & Pemasangan","Semak upah pasang aircond Selangor 2026 untuk rumah, pejabat dan kedai. Lihat anggaran harga, pakej pemasangan, caj tambahan dan WhatsApp RK Reno untuk sebut harga.","https://rkrenosolution.com/upah-pasang-aircond-selangor-panduan-harga-pemasangan-2026/","max-image-preview:large","Upah Pasang Aircond Selangor: Panduan Harga & Pemasangan (2026)","H1:Upah Pasang Aircond Selangor: Panduan Harga & Pemasangan (2026) | H3:Nak semak harga untuk lokasi anda? | H2:1. Apa Yang Termasuk Dalam Harga Asas? | H2:2. Gambar Kerja Pemasangan Aircond RK Reno | H2:3. Copper Pipe & Kualiti Material | H2:4. Inverter vs Non-Inverter: Ada Beza Pemasangan? | H3:Sudah Beli Aircond dan Cari Orang Pasang? | H2:5. Harga Upah Pasang Aircond Selangor 2026 | H3:1.0HP & 1.5HP Wall-Mounted | H3:2.0HP & 2.5HP Wall-Mounted | H2:6. Faktor Yang Boleh Menambah Kos Pemasangan | H2:7. Proses Pemasangan Aircond | H3:Semak Lokasi | H3:Sahkan Skop & Harga | H3:Pasang Unit | H3:Sambung Copper Pipe | H3:Vacuum Sistem | H3:Testing | H2:8. Cara Dapatkan Quotation Dengan Cepat | H2:9. Jenis Tempat Yang Sesuai | H2:10. Kawasan Servis Pemasangan Aircond Di Selangor | H2:11. Kenapa Proses Vacuum Penting? | H2:12. Kenapa Pilih RK Reno Solution? | H3:Dapatkan Quotation Aircond Melalui WhatsApp | H2:13. Soalan Lazim Tentang Upah Pasang Aircond Selangor | H3:Leave A Comment Cancel Comment","Upah Pasang Aircond Selangor 2026 | Harga & Pemasangan","Semak upah pasang aircond Selangor 2026 untuk rumah, pejabat dan kedai. Lihat anggaran harga, pakej pemasangan, caj tambahan dan WhatsApp RK Reno untuk sebut harga.","https://rkrenosolution.com/upah-pasang-aircond-selangor-panduan-harga-pemasangan-2026/","https://rkrenosolution.com/wp-content/uploads/2026/03/RK-Reno-Solutions-Logo.png","BlogPosting | BreadcrumbList | Organization | Person | WebPage | WebSite","2026-03-28T11:41:12+00:00","2026-07-16T12:46:51+00:00","FALSE","/upah-pasang-aircond-selangor-panduan-harga-pemasangan-2026/ | /upah-pasang-aircond-selangor/ | / | /electrical-services-selangor/ | /aircond-installation-kl/ | /tag/pemasangan-aircond/ | /servis-cuci-rumah-kl-the-ultimate-2026-guide-to-a-spotless-home/ | /blog/ | /waterproofing-contractor-kuala-lumpur-the-complete-guide-to-stopping-leaks-2026/","113e8b7b40824b5b3ccfa2d2bd1fb5175fb6934aaea904cacdeb44bed2732fa2","2728","https://secure.gravatar.com/avatar/4c7a7e136a0e22539059a09b5784869ac34f14870c8711497f9feb22be355403?s=96&d=mm&r=g | https://rkrenosolution.com/wp-content/uploads/2026/07/721430356_1623451745783563_6720154604310865920_n.jpg | https://rkrenosolution.com/wp-content/uploads/2026/07/723104253_1623451735783564_5450851965206368683_n.jpg | https://rkrenosolution.com/wp-content/uploads/2026/07/721626720_1623451799116891_7023267947651638351_n.jpg | https://rkrenosolution.com/wp-content/uploads/2026/07/721430356_1623451745783563_6720154604310865920_n.jpg","","AVAILABLE"
"/service/building-renovation/","200","https://rkrenosolution.com/service/building-renovation/","","building renovation - RK Reno Solution","Transform your existing space with expert renovations that enhance aesthetics, functionality, and value.","https://rkrenosolution.com/service/building-renovation/","max-image-preview:large","","H2:building renovation | H3:our services include | H3:working process | H4:Consultation | H4:Design & Work | H4:Complete & Maintenance | H3:Frequently asked questions | H5:What types of construction projects do you handle? | H5:How do you estimate the cost of a project? | H5:How do you ensure the quality of construction? | H5:Do you handle building permits and approvals? | H5:How do you handle unexpected issues or delays? | H3:Service List | H4:Need any helps? | H5:Call us | H5:Email us | H5:Chat with us","building renovation - RK Reno Solution","Transform your existing space with expert renovations that enhance aesthetics, functionality, and value.","https://rkrenosolution.com/service/building-renovation/","https://rkrenosolution.com/wp-content/uploads/2026/03/RK-Reno-Solutions-Logo.png","BreadcrumbList | Organization | Person | WebPage | WebSite","2025-01-14T07:14:25+00:00","2025-01-14T07:14:25+00:00","FALSE","/ | /service/building-construction/ | /service/architecture-design/ | /service/building-renovation/ | /service/flooring-roofing/ | /service/general-contracting/ | /service/repair-expand/","698398fd21c2e541090a51f3ba9a02f4b9ca4447e6958d7a3cdc5644f3320ae5","455","https://rkrenosolution.com/wp-content/uploads/2025/01/Renovation.svg","","AVAILABLE"
"/electrical-services-selangor/","200","https://rkrenosolution.com/electrical-services-selangor/","","Electrical Services Selangor - RK Reno Solution","Safe Certified Quality Certified Electrical Services Selangor Powering your property safely. RK Reno Solution provides professional Electrical Services Selangor for homes and offices. We specialize in rewiring, troubleshooting, and 3-phase upgrades. WhatsApp Us Email Quote 500+ Wiring Projects 24/7 Emergency Help 100% Safety Compliant 4.9/5 Client Rating Reliable Electrical Services Selangor & KL Electrical safety","https://rkrenosolution.com/electrical-services-selangor/","max-image-preview:large","","","Electrical Services Selangor - RK Reno Solution","Safe Certified Quality Certified Electrical Services Selangor Powering your property safely. RK Reno Solution provides professional Electrical Services Selangor for homes and offices. We specialize in rewiring, troubleshooting, and 3-phase upgrades. WhatsApp Us Email Quote 500+ Wiring Projects 24/7 Emergency Help 100% Safety Compliant 4.9/5 Client Rating Reliable Electrical Services Selangor & KL Electrical safety","https://rkrenosolution.com/electrical-services-selangor/","https://rkrenosolution.com/wp-content/uploads/2026/03/RK-Reno-Solutions-Logo.png","BreadcrumbList | Organization | WebPage | WebSite | Electrician","2026-03-28T10:14:02+00:00","2026-04-01T09:58:37+00:00","FALSE","","e3b0c44298fc1c149afbf4c8996fb92427ae41e4649b934ca495991b7852b855","0","","","AVAILABLE"
"/house-renovation-in-kuala-lumpur/","200","https://rkrenosolution.com/house-renovation-in-kuala-lumpur/","","House Renovation Cost Kuala Lumpur 2026 | Price Guide","Plan your house renovation cost in Kuala Lumpur with starting prices for painting, tiling, bathrooms, kitchens and condo upgrades. WhatsApp RK Reno for an estimate.","https://rkrenosolution.com/house-renovation-in-kuala-lumpur/","max-image-preview:large","","","House Renovation Cost Kuala Lumpur 2026 | Price Guide","Plan your house renovation cost in Kuala Lumpur with starting prices for painting, tiling, bathrooms, kitchens and condo upgrades. WhatsApp RK Reno for an estimate.","https://rkrenosolution.com/house-renovation-in-kuala-lumpur/","https://rkrenosolution.com/wp-content/uploads/2026/03/RK-Reno-Solutions-Logo.png","BreadcrumbList | Organization | WebPage | WebSite","2026-03-28T10:16:07+00:00","2026-07-22T12:06:32+00:00","FALSE","","e3b0c44298fc1c149afbf4c8996fb92427ae41e4649b934ca495991b7852b855","0","","","AVAILABLE"
"/house-renovation-in-selangor/","200","https://rkrenosolution.com/house-renovation-in-selangor/","","House Renovation Selangor | Contractor & Starting Prices","House renovation in Selangor for painting, tiling, kitchens, bathrooms, wet works and repairs. Small jobs and full projects available. WhatsApp for a quote.","https://rkrenosolution.com/house-renovation-in-selangor/","max-image-preview:large","","","House Renovation Selangor | Contractor & Starting Prices","House renovation in Selangor for painting, tiling, kitchens, bathrooms, wet works and repairs. Small jobs and full projects available. WhatsApp for a quote.","https://rkrenosolution.com/house-renovation-in-selangor/","https://rkrenosolution.com/wp-content/uploads/2026/03/RK-Reno-Solutions-Logo.png","BreadcrumbList | Organization | WebPage | WebSite","2026-03-28T10:17:34+00:00","2026-07-17T13:35:18+00:00","FALSE","","e3b0c44298fc1c149afbf4c8996fb92427ae41e4649b934ca495991b7852b855","0","","","AVAILABLE"
"/home-renovation-contractor-in-subang-jaya/","200","https://rkrenosolution.com/home-renovation-contractor-in-subang-jaya/","","Home Renovation Contractor in Subang Jaya - RK Reno SolutionHome Renovation Contractor in Subang Jaya | Free Quote","Home Renovation Contractor in Subang Jaya | Free Quote Warranty Included Local Experts MBSJ Compliant Top-Rated Home Renovation Contractor in Subang Jaya Are you searching for a reliable Home Renovation Contractor in Subang Jaya? Consequently, your search ends here. Transform your space with RK Reno Solution. We ensure transparent pricing and hassle-free local permits. Get","https://rkrenosolution.com/home-renovation-contractor-in-subang-jaya/","max-image-preview:large","Top-Rated Home Renovation Contractor in Subang Jaya","H1:Top-Rated Home Renovation Contractor in Subang Jaya | H2:Why Choose Our Home Renovation Contractor in Subang Jaya? | H3:Estimated Renovation Costs in Subang Jaya | H3:MBSJ Permit Assistance | H3:How Our Home Renovation Contractor in Subang Jaya Works | H4:1. Free Site Visit & Consultation | H4:2. Itemized Quotation | H4:3. Dedicated Supervision | H4:4. Defect Check & Handover | H3:Ready to Remodel? | H2:What Our Local Clients Say | H4:- Sarah T., USJ 11 | H4:- Jason L., Bandar Sunway | H4:- Aiman H., SS15 | H2:Frequently Asked Questions | H4:Renovation Knowledge Hub","Home Renovation Contractor in Subang Jaya - RK Reno Solution","Home Renovation Contractor in Subang Jaya | Free Quote Warranty Included Local Experts MBSJ Compliant Top-Rated Home Renovation Contractor in Subang Jaya Are you searching for a reliable Home Renovation Contractor in Subang Jaya? Consequently, your search ends here. Transform your space with RK Reno Solution. We ensure transparent pricing and hassle-free local permits. Get","https://rkrenosolution.com/home-renovation-contractor-in-subang-jaya/","https://rkrenosolution.com/wp-content/uploads/2026/03/RK-Reno-Solutions-Logo.png","BreadcrumbList | Organization | WebPage | WebSite | HomeAndConstructionBusiness","2026-04-04T13:57:54+00:00","2026-04-09T12:31:59+00:00","FALSE","","6e5f52ad883d8054538484e1fe22be2cace180f051bb4ab7378dd06ae288a61b","1724","https://rkrenosolution.com/wp-content/uploads/2026/01/Home-renovation-contractor-in-subang-jaya-modern-living-room-makeover-usj.jpeg?q=80&w=1000&auto=format&fit=crop","","AVAILABLE"
"/office-renovation-in-kuala-lumpur/","200","https://rkrenosolution.com/office-renovation-in-kuala-lumpur/","","Office Renovation Contractor KL | Fit-Out & Reinstatement","Office renovation contractor in Kuala Lumpur for partitions, flooring, electrical, data cabling and reinstatement. Starting rates from RM20 per sq ft. WhatsApp for a quote.","https://rkrenosolution.com/office-renovation-in-kuala-lumpur/","max-image-preview:large","","","Office Renovation Contractor KL | Fit-Out & Reinstatement","Office renovation contractor in Kuala Lumpur for partitions, flooring, electrical, data cabling and reinstatement. Starting rates from RM20 per sq ft. WhatsApp for a quote.","https://rkrenosolution.com/office-renovation-in-kuala-lumpur/","https://rkrenosolution.com/wp-content/uploads/2026/03/RK-Reno-Solutions-Logo.png","BreadcrumbList | Organization | WebPage | WebSite","2026-03-28T10:20:23+00:00","2026-07-22T14:48:20+00:00","FALSE","","e3b0c44298fc1c149afbf4c8996fb92427ae41e4649b934ca495991b7852b855","0","","","AVAILABLE"
"/waterproofing-contractor-kuala-lumpur/","200","https://rkrenosolution.com/waterproofing-contractor-kuala-lumpur/","","Waterproofing Contractor Kuala Lumpur - RK Reno Solution","Waterproof Expert 10-Year Warranty Waterproofing Contractor Kuala Lumpur Are you dealing with annoying water leaks? Stop them permanently with RK Reno Solution. As the leading Waterproofing Contractor Kuala Lumpur, we fix roof and bathroom leaks safely. Get Your Free Quote Send Leak Photos 5000+ Leaks Fixed 10 Yrs Warranty Included 100% Dry Guarantee 4.9/5 Service","https://rkrenosolution.com/waterproofing-contractor-kuala-lumpur/","max-image-preview:large","","","Waterproofing Contractor Kuala Lumpur - RK Reno Solution","Waterproof Expert 10-Year Warranty Waterproofing Contractor Kuala Lumpur Are you dealing with annoying water leaks? Stop them permanently with RK Reno Solution. As the leading Waterproofing Contractor Kuala Lumpur, we fix roof and bathroom leaks safely. Get Your Free Quote Send Leak Photos 5000+ Leaks Fixed 10 Yrs Warranty Included 100% Dry Guarantee 4.9/5 Service","https://rkrenosolution.com/waterproofing-contractor-kuala-lumpur/","https://rkrenosolution.com/wp-content/uploads/2026/03/RK-Reno-Solutions-Logo.png","BreadcrumbList | Organization | WebPage | WebSite | RoofingContractor","2026-03-28T10:29:02+00:00","2026-04-09T12:42:47+00:00","FALSE","","e3b0c44298fc1c149afbf4c8996fb92427ae41e4649b934ca495991b7852b855","0","","","AVAILABLE"
"/plaster-ceiling-contractor-kl/","200","https://rkrenosolution.com/plaster-ceiling-contractor-kl/","","Plaster Ceiling Contractor KL - RK Reno Solution","Aesthetic Modern Quality Expert Plaster Ceiling Contractor KL Transform your interiors with RK Reno Solution. We are the premier Plaster Ceiling Contractor KL, delivering flawless L-box designs, elegant cornices, and stunning light troughs for homes and offices. WhatsApp Us Email Quote 1000+ Ceilings Installed 10 Years Experience 100% Durable Gypsum 4.9/5 Client Rating Your Trusted","https://rkrenosolution.com/plaster-ceiling-contractor-kl/","max-image-preview:large","","","Plaster Ceiling Contractor KL - RK Reno Solution","Aesthetic Modern Quality Expert Plaster Ceiling Contractor KL Transform your interiors with RK Reno Solution. We are the premier Plaster Ceiling Contractor KL, delivering flawless L-box designs, elegant cornices, and stunning light troughs for homes and offices. WhatsApp Us Email Quote 1000+ Ceilings Installed 10 Years Experience 100% Durable Gypsum 4.9/5 Client Rating Your Trusted","https://rkrenosolution.com/plaster-ceiling-contractor-kl/","https://rkrenosolution.com/wp-content/uploads/2026/03/RK-Reno-Solutions-Logo.png","BreadcrumbList | Organization | WebPage | WebSite | HomeAndConstructionBusiness","2026-03-28T10:21:35+00:00","2026-04-04T14:31:22+00:00","FALSE","","e3b0c44298fc1c149afbf4c8996fb92427ae41e4649b934ca495991b7852b855","0","","","AVAILABLE"
"/faq/","200","https://rkrenosolution.com/faq/","","FAQ - RK Reno Solution","How long does a typical construction project take? Project timelines vary based on size and complexity. A residential project may take 3–6 months, while larger commercial builds could require 12 months or more. Do you provide custom designs? Yes, we work closely with clients to create personalized designs that meet their needs and align with","https://rkrenosolution.com/faq/","max-image-preview:large","","H5:How long does a typical construction project take? | H5:Do you provide custom designs? | H5:Are your projects eco-friendly? | H5:What’s included in your pricing plans? | H5:Do you handle permits and regulations? | H5:What warranty do you offer on your projects? | H2:Couldn’t Find Your Answer? Ask Us Questions!","FAQ - RK Reno Solution","How long does a typical construction project take? Project timelines vary based on size and complexity. A residential project may take 3–6 months, while larger commercial builds could require 12 months or more. Do you provide custom designs? Yes, we work closely with clients to create personalized designs that meet their needs and align with","https://rkrenosolution.com/faq/","https://rkrenosolution.com/wp-content/uploads/2026/03/RK-Reno-Solutions-Logo.png","BreadcrumbList | Organization | WebPage | WebSite","2025-01-13T03:08:11+00:00","2025-01-13T03:08:11+00:00","FALSE","/contact-us/","9444f23b81aae36ca92b3487c9fc8794c4cfb226ba0c199f80de059f95b2d0bb","178","https://rkrenosolution.com/wp-content/uploads/2025/01/faq1.webp","","AVAILABLE"
"/blog/","200","https://rkrenosolution.com/blog/","","Blog - RK Reno Solution","","https://rkrenosolution.com/blog/","max-image-preview:large","","H2:Pakej Deep Cleaning Rumah KL (Termasuk Pre-Hari Raya) | H2:Commercial Retail Shop Renovation in Kuala Lumpur | H2:PU Injection Waterproofing KL: How to Fix Wall Cracks Permanently | H2:Office Renovation Petaling Jaya: Corporate Fit-Out Experts","Blog - RK Reno Solution","","https://rkrenosolution.com/blog/","https://rkrenosolution.com/wp-content/uploads/2026/03/RK-Reno-Solutions-Logo.png","BreadcrumbList | CollectionPage | Organization | WebSite","2025-01-07T08:32:04+00:00","2025-01-07T08:32:04+00:00","FALSE","/category/maintenance/ | /category/servis-pembersihan/ | /pakej-deep-cleaning-rumah-kl-termasuk-pre-hari-raya/ | /category/renovation/ | /commercial-retail-shop-renovation-in-kuala-lumpur/ | /pu-injection-waterproofing-kl-how-to-fix-wall-cracks-permanently/ | /category/commercial/ | /office-renovation-petaling-jaya-corporate-fit-out-experts/ | /blog/page/2/ | /blog/page/4/","726a33404855f0e285a3900d2e7db87d33070d36f8a6bda090d58190c2be519a","151","https://secure.gravatar.com/avatar/4c7a7e136a0e22539059a09b5784869ac34f14870c8711497f9feb22be355403?s=96&d=mm&r=g | https://secure.gravatar.com/avatar/4c7a7e136a0e22539059a09b5784869ac34f14870c8711497f9feb22be355403?s=96&d=mm&r=g | https://secure.gravatar.com/avatar/4c7a7e136a0e22539059a09b5784869ac34f14870c8711497f9feb22be355403?s=96&d=mm&r=g | https://secure.gravatar.com/avatar/4c7a7e136a0e22539059a09b5784869ac34f14870c8711497f9feb22be355403?s=96&d=mm&r=g","","AVAILABLE"
"/commercial-retail-shop-renovation-in-kuala-lumpur/","200","https://rkrenosolution.com/commercial-retail-shop-renovation-in-kuala-lumpur/","","Commercial Retail Shop Renovation in Kuala Lumpur - RK Reno Solution","Commercial › Retail › Kuala Lumpur Commercial Retail Shop Renovation in Kuala Lumpur By RK Commercial Fit-Out Team 7 Minute Read Kuala Lumpur, MY In the highly competitive retail landscape of Kuala Lumpur, your storefront is your most powerful marketing tool. A well-designed shop does not just display products; it pulls foot traffic from the","https://rkrenosolution.com/commercial-retail-shop-renovation-in-kuala-lumpur/","max-image-preview:large","Commercial Retail Shop Renovation in Kuala Lumpur","H1:Commercial Retail Shop Renovation in Kuala Lumpur | H2:1. The Unique Challenges of Retail Fit-Outs | H2:2. Our Core Retail Renovation Services | H3:Opening a New Branch in Kuala Lumpur? | H2:3. 2026 Retail Shop Renovation Cost Guide | H2:4. Our Fast-Track Commercial Workflow | H2:5. Why Retail Brands Trust RK Reno Solution | H3:Leave A Comment Cancel Comment","Commercial Retail Shop Renovation in Kuala Lumpur - RK Reno Solution","Commercial › Retail › Kuala Lumpur Commercial Retail Shop Renovation in Kuala Lumpur By RK Commercial Fit-Out Team 7 Minute Read Kuala Lumpur, MY In the highly competitive retail landscape of Kuala Lumpur, your storefront is your most powerful marketing tool. A well-designed shop does not just display products; it pulls foot traffic from the","https://rkrenosolution.com/commercial-retail-shop-renovation-in-kuala-lumpur/","https://rkrenosolution.com/wp-content/uploads/2026/03/RK-Reno-Solutions-Logo.png","BlogPosting | BreadcrumbList | Organization | Person | WebPage | WebSite | FAQPage","2026-04-04T14:10:19+00:00","2026-04-04T14:12:15+00:00","FALSE","/commercial-retail-shop-renovation-in-kuala-lumpur/ | /about/ | / | /house-renovation-in-kuala-lumpur/ | /electrical-services-selangor/ | /upah-pasang-aircond-selangor/ | /plaster-ceiling-contractor-kl/ | /tag/interior-finishing/ | /pu-injection-waterproofing-kl-how-to-fix-wall-cracks-permanently/ | /blog/ | /pakej-deep-cleaning-rumah-kl-termasuk-pre-hari-raya/","26b124638848c9a42bfd23a47dcd1b5262f5a5ec21dffa9f2786fcdc14161171","1825","https://secure.gravatar.com/avatar/4c7a7e136a0e22539059a09b5784869ac34f14870c8711497f9feb22be355403?s=96&d=mm&r=g | https://rkrenosolution.com/wp-content/uploads/2026/01/Commercial-retail-shop-renovation-in-Kuala-Lumpur-showing-custom-display-shelving.jpeg?q=80&w=1000&auto=format&fit=crop","","AVAILABLE"
"/office-renovation-petaling-jaya-corporate-fit-out-experts/","200","https://rkrenosolution.com/office-renovation-petaling-jaya-corporate-fit-out-experts/","","Office Renovation Petaling Jaya: Corporate Fit-Out Experts - RK Reno Solution","Services › Commercial › Petaling Jaya Office Renovation Petaling Jaya: Corporate Fit-Out Experts By RK Reno Commercial Team 7 Minute Read Petaling Jaya, Selangor Petaling Jaya is rapidly expanding as Selangor’s premier corporate hub. Your workspace is more than just desks and chairs; it is a critical tool for employee productivity and reflecting your brand","https://rkrenosolution.com/office-renovation-petaling-jaya-corporate-fit-out-experts/","max-image-preview:large","Office Renovation Petaling Jaya: Corporate Fit-Out Experts","H1:Office Renovation Petaling Jaya: Corporate Fit-Out Experts | H2:1. The Unique Demands of PJ Office Fit-Outs | H2:2. Our Core Corporate Renovation Services | H3:Expanding Your Business in Petaling Jaya? | H2:3. Estimated Office Renovation Cost Guide (2026) | H2:4. Our 4-Step Seamless Fit-Out Process | H2:5. Expert Office Reinstatement Works | H3:Leave A Comment Cancel Comment","Office Renovation Petaling Jaya: Corporate Fit-Out Experts - RK Reno Solution","Services › Commercial › Petaling Jaya Office Renovation Petaling Jaya: Corporate Fit-Out Experts By RK Reno Commercial Team 7 Minute Read Petaling Jaya, Selangor Petaling Jaya is rapidly expanding as Selangor’s premier corporate hub. Your workspace is more than just desks and chairs; it is a critical tool for employee productivity and reflecting your brand","https://rkrenosolution.com/office-renovation-petaling-jaya-corporate-fit-out-experts/","https://rkrenosolution.com/wp-content/uploads/2026/03/RK-Reno-Solutions-Logo.png","BlogPosting | BreadcrumbList | Organization | Person | WebPage | WebSite | FAQPage","2026-04-04T14:02:23+00:00","2026-04-04T14:03:02+00:00","FALSE","/office-renovation-petaling-jaya-corporate-fit-out-experts/ | /about/ | / | /upah-pasang-aircond-selangor/ | /house-renovation-in-kuala-lumpur/ | /waterproofing-contractor-kuala-lumpur-the-complete-guide-to-stopping-leaks-2026/ | /blog/ | /pu-injection-waterproofing-kl-how-to-fix-wall-cracks-permanently/","c1470a448048f1e46c05ed0fa9d38619ccc8001347d65b23aa4bea4ff45bfb42","1692","https://secure.gravatar.com/avatar/4c7a7e136a0e22539059a09b5784869ac34f14870c8711497f9feb22be355403?s=96&d=mm&r=g | https://rkrenosolution.com/wp-content/uploads/2026/01/Office-renovation-petaling-jaya-corporate-fit-out-experts.jpeg?q=80&w=1000&auto=format&fit=crop","","AVAILABLE"
"/waterproofing-contractor-kuala-lumpur-the-complete-guide-to-stopping-leaks-2026/","200","https://rkrenosolution.com/waterproofing-contractor-kuala-lumpur-the-complete-guide-to-stopping-leaks-2026/","","Waterproofing Contractor Kuala Lumpur: The Complete Guide to Stopping Leaks (2026) - RK Reno Solution","Services › Maintenance › Waterproofing Waterproofing Contractor Kuala Lumpur: The Complete Guide to Stopping Leaks (2026) By RK Leak Detection Expert 10 Minute Read Kuala Lumpur, MY Water leakage is an insidious problem. It starts as a small yellow stain on your ceiling or peeling paint on a wall. Ignored for too long, it rots","https://rkrenosolution.com/waterproofing-contractor-kuala-lumpur-the-complete-guide-to-stopping-leaks-2026/","max-image-preview:large","Waterproofing Contractor Kuala Lumpur: The Complete Guide to Stopping Leaks (2026)","H1:Waterproofing Contractor Kuala Lumpur: The Complete Guide to Stopping Leaks (2026) | H2:1. Where is the Water Coming From? | H3:Inter-Floor Leaks (Bathrooms) | H3:RC Flat Roofs & Balconies | H3:External Wall Seepage | H2:2. The Magic of PU Injection (No-Hacking Required) | H2:3. Torch-On Membrane for Flat Roofs | H3:Is Your Ceiling Turning Yellow? | H2:4. Our Detection & Repair Process | H2:5. Waterproofing Cost Guide (KL 2026) | H2:6. Why Trust RK Reno Solution? | H3:Leave A Comment Cancel Comment","Waterproofing Contractor Kuala Lumpur: The Complete Guide to Stopping Leaks (2026) - RK Reno Solution","Services › Maintenance › Waterproofing Waterproofing Contractor Kuala Lumpur: The Complete Guide to Stopping Leaks (2026) By RK Leak Detection Expert 10 Minute Read Kuala Lumpur, MY Water leakage is an insidious problem. It starts as a small yellow stain on your ceiling or peeling paint on a wall. Ignored for too long, it rots","https://rkrenosolution.com/waterproofing-contractor-kuala-lumpur-the-complete-guide-to-stopping-leaks-2026/","https://rkrenosolution.com/wp-content/uploads/2026/03/RK-Reno-Solutions-Logo.png","BlogPosting | BreadcrumbList | Organization | Person | WebPage | WebSite | FAQPage","2026-03-28T11:42:55+00:00","2026-03-28T11:43:38+00:00","FALSE","/waterproofing-contractor-kuala-lumpur-the-complete-guide-to-stopping-leaks-2026/ | / | /plaster-ceiling-contractor-kl/ | /house-renovation-in-kuala-lumpur/ | /tag/waterproofing/ | /upah-pasang-aircond-selangor-panduan-harga-pemasangan-2026/ | /blog/ | /office-renovation-petaling-jaya-corporate-fit-out-experts/","99d306364a70563bfff8cc210bc3ae97b8392699f9773c9041242c72460096a0","1724","https://secure.gravatar.com/avatar/4c7a7e136a0e22539059a09b5784869ac34f14870c8711497f9feb22be355403?s=96&d=mm&r=g | https://rkrenosolution.com/wp-content/uploads/2026/01/Waterproofing-Contractor-Kuala-Lumpur-technician-inspecting-ceiling-leak-for-PU-injection-repair.jpeg?q=80&w=1000&auto=format&fit=crop","","AVAILABLE"
"/plaster-ceiling-contractor-kl-the-ultimate-design-pricing-guide-2026/","200","https://rkrenosolution.com/plaster-ceiling-contractor-kl-the-ultimate-design-pricing-guide-2026/","","Plaster Ceiling Contractor KL: The Ultimate Design & Pricing Guide (2026) - RK Reno Solution","Services › Interior Finishing › Ceiling Works Plaster Ceiling Contractor KL: The Ultimate Design & Pricing Guide (2026) By RK Finishing Expert 8 Minute Read Kuala Lumpur, MY The ceiling is the largest uninterrupted surface in your home or office, yet it is often the most overlooked. A well-designed plaster ceiling does more than just","https://rkrenosolution.com/plaster-ceiling-contractor-kl-the-ultimate-design-pricing-guide-2026/","max-image-preview:large","Plaster Ceiling Contractor KL: The Ultimate Design & Pricing Guide (2026)","H1:Plaster Ceiling Contractor KL: The Ultimate Design & Pricing Guide (2026) | H2:1. Popular Plaster Ceiling Designs | H3:The Flat Ceiling | H3:L-Box & Cove Lighting (Light Troughs) | H3:Cornice Moldings | H3:Grid Ceilings (For Commercial Offices) | H2:2. The Flawless Installation Process | H2:3. Integrating Lighting and Air Conditioning | H3:Transform Your Living Space | H2:4. Plaster Ceiling Cost Guide (KL 2026) | H2:5. Solving Water Damage and Sagging | H2:6. Why Choose RK Reno Solution? | H3:Leave A Comment Cancel Comment","Plaster Ceiling Contractor KL: The Ultimate Design & Pricing Guide (2026) - RK Reno Solution","Services › Interior Finishing › Ceiling Works Plaster Ceiling Contractor KL: The Ultimate Design & Pricing Guide (2026) By RK Finishing Expert 8 Minute Read Kuala Lumpur, MY The ceiling is the largest uninterrupted surface in your home or office, yet it is often the most overlooked. A well-designed plaster ceiling does more than just","https://rkrenosolution.com/plaster-ceiling-contractor-kl-the-ultimate-design-pricing-guide-2026/","https://rkrenosolution.com/wp-content/uploads/2026/03/RK-Reno-Solutions-Logo.png","BlogPosting | BreadcrumbList | Organization | Person | WebPage | WebSite | FAQPage","2026-03-28T11:22:52+00:00","2026-03-28T11:24:06+00:00","FALSE","/plaster-ceiling-contractor-kl-the-ultimate-design-pricing-guide-2026/ | / | /electrical-services-selangor/ | /office-renovation-in-kuala-lumpur/ | /upah-pasang-aircond-selangor/ | /tag/ceiling-works/ | /tag/interior-finishing/ | /office-renovation-in-kuala-lumpur-the-2026-corporate-guide-to-productivity/ | /blog/ | /servis-aircond-murah-kl-the-ultimate-2026-guide-to-a-colder-home/","41d8f00fcf0f7c70265165235d8194a3b8b7adfc40f86e748bbd9d277df52658","1800","https://secure.gravatar.com/avatar/4c7a7e136a0e22539059a09b5784869ac34f14870c8711497f9feb22be355403?s=96&d=mm&r=g | https://rkrenosolution.com/wp-content/uploads/2026/01/Plaster-Ceiling-Contractor-KL-installing-modern-L-box-gypsum-ceiling-with-cove-lighting-in-living-room.jpeg?q=80&w=1000&auto=format&fit=crop","","AVAILABLE"
"/aircond-installation-kl-the-ultimate-2026-guide-rk-reno-solution/","200","https://rkrenosolution.com/aircond-installation-kl-the-ultimate-2026-guide-rk-reno-solution/","","Aircond Installation KL The Ultimate 2026 Guide – RK Reno Solution - RK Reno Solution","Services › HVAC Guides › Installation Aircond Installation KL: The Definitive Guide to Cooling Your Home (2026 Edition) By RK Reno Expert 10 Minute Read Kuala Lumpur, MY Living in Kuala Lumpur, the humidity can be suffocating. Whether you are moving into a new condo in Mont Kiara, renovating a terrace house in Cheras, or","https://rkrenosolution.com/aircond-installation-kl-the-ultimate-2026-guide-rk-reno-solution/","max-image-preview:large","Aircond Installation KL: The Definitive Guide to Cooling Your Home (2026 Edition)","H1:Aircond Installation KL: The Definitive Guide to Cooling Your Home (2026 Edition) | H2:1. Choosing the Right Size: Calculating HP | H3:The General Rule of Thumb for KL Weather | H2:2. Inverter vs. Non-Inverter: Is it Worth It? | H3:How Non-Inverter Works | H3:How Inverter Works | H2:3. The Professional Installation Process | H3:Step 1: Site Survey & Planning | H3:Step 2: Professional Core Drilling | H3:Step 3: Copper Piping & Insulation | H3:Need a Quote for Installation? | H2:4. Aircond Installation KL Cost Breakdown (2026) | H3:Standard Installation Rates (Back-to-Back) | H3:Extra Charges to Watch Out For | H2:5. Recommended Brands in Malaysia | H2:6. Why Choose RK Reno Solution? | H3:Leave A Comment Cancel Comment","Aircond Installation KL The Ultimate 2026 Guide – RK Reno Solution - RK Reno Solution","Services › HVAC Guides › Installation Aircond Installation KL: The Definitive Guide to Cooling Your Home (2026 Edition) By RK Reno Expert 10 Minute Read Kuala Lumpur, MY Living in Kuala Lumpur, the humidity can be suffocating. Whether you are moving into a new condo in Mont Kiara, renovating a terrace house in Cheras, or","https://rkrenosolution.com/aircond-installation-kl-the-ultimate-2026-guide-rk-reno-solution/","https://rkrenosolution.com/wp-content/uploads/2026/03/RK-Reno-Solutions-Logo.png","BlogPosting | BreadcrumbList | Organization | Person | WebPage | WebSite | FAQPage","2026-03-28T11:01:41+00:00","2026-03-28T11:02:54+00:00","FALSE","/aircond-installation-kl-the-ultimate-2026-guide-rk-reno-solution/ | / | /blog/ | /electrical-services-selangor-the-complete-safety-pricing-guide-2026-edition/","b73c0e27416964837de981cbcb1627965d486be54a4b11ca9dd14fd361fa821e","1883","https://secure.gravatar.com/avatar/4c7a7e136a0e22539059a09b5784869ac34f14870c8711497f9feb22be355403?s=96&d=mm&r=g","","AVAILABLE"
"/electrical-services-selangor-the-complete-safety-pricing-guide-2026-edition/","200","https://rkrenosolution.com/electrical-services-selangor-the-complete-safety-pricing-guide-2026-edition/","","Electrical Services Selangor: The Complete Safety & Pricing Guide (2026 Edition) - RK Reno Solution","Services › Technical Guides › Wiring Electrical Services Selangor: The Complete Safety & Pricing Guide (2026 Edition) By RK Certified Wireman 8 Minute Read Selangor & KL Electricity is the silent heartbeat of your home. It powers your lights, your airconds, and your internet. But when it goes wrong, it isn't just an inconvenience—it's a","https://rkrenosolution.com/electrical-services-selangor-the-complete-safety-pricing-guide-2026-edition/","max-image-preview:large","Electrical Services Selangor: The Complete Safety & Pricing Guide (2026 Edition)","H1:Electrical Services Selangor: The Complete Safety & Pricing Guide (2026 Edition) | H2:1. Warning Signs: When to Call an Electrician | H2:2. Our Core Electrical Services Selangor | H3:A. Whole House Rewiring | H3:B. Socket & Point Installation | H3:C. Lighting & Fan Installation | H2:3. The Heart of Safety: DB Box & ELCB | H2:4. Single Phase vs. 3-Phase Upgrade | H3:Worried About Old Wiring? | H2:5. Electrical Services Selangor Price Guide (2026) | H3:Installation Costs (Labour + Material) | H3:Major Works | H2:6. Why Choose RK Reno Solution? | H3:Leave A Comment Cancel Comment","Electrical Services Selangor: The Complete Safety & Pricing Guide (2026 Edition) - RK Reno Solution","Services › Technical Guides › Wiring Electrical Services Selangor: The Complete Safety & Pricing Guide (2026 Edition) By RK Certified Wireman 8 Minute Read Selangor & KL Electricity is the silent heartbeat of your home. It powers your lights, your airconds, and your internet. But when it goes wrong, it isn't just an inconvenience—it's a","https://rkrenosolution.com/electrical-services-selangor-the-complete-safety-pricing-guide-2026-edition/","https://rkrenosolution.com/wp-content/uploads/2026/03/RK-Reno-Solutions-Logo.png","BlogPosting | BreadcrumbList | Organization | Person | WebPage | WebSite | FAQPage","2026-03-28T11:05:35+00:00","2026-03-28T11:08:16+00:00","FALSE","/electrical-services-selangor-the-complete-safety-pricing-guide-2026-edition/ | /house-renovation-in-kuala-lumpur/ | / | /tag/wiring/ | /aircond-installation-kl-the-ultimate-2026-guide-rk-reno-solution/ | /blog/ | /house-renovation-in-kuala-lumpur-the-ultimate-planning-cost-guide-2026/","ac05c1ed6b8fc4ad23ea822804f68b80661ef07ea70f53d120c9646c399bd3e0","1663","https://secure.gravatar.com/avatar/4c7a7e136a0e22539059a09b5784869ac34f14870c8711497f9feb22be355403?s=96&d=mm&r=g","","AVAILABLE"
"/house-renovation-in-kuala-lumpur-the-ultimate-planning-cost-guide-2026/","200","https://rkrenosolution.com/house-renovation-in-kuala-lumpur-the-ultimate-planning-cost-guide-2026/","","House Renovation Cost Kuala Lumpur 2026 | Price Guide","Plan your house renovation cost in Kuala Lumpur with starting prices for painting, tiling, bathrooms, kitchens and condo upgrades. WhatsApp RK Reno for an estimate.","https://rkrenosolution.com/house-renovation-in-kuala-lumpur-the-ultimate-planning-cost-guide-2026/","max-image-preview:large","House Renovation in Kuala Lumpur: The Ultimate Planning & Cost Guide (2026)","H1:House Renovation in Kuala Lumpur: The Ultimate Planning & Cost Guide (2026) | H3:Need an estimate for your actual property? | H2:1. How Much Does House Renovation Cost in Kuala Lumpur? | H2:2. Renovation Cost by Project Scope | H3:Small Repair or Room Refresh | H3:Basic Cosmetic Home Refresh | H3:Full or Structural Renovation | H2:3. Room-by-Room Renovation Starting Prices | H3:Painting One Room | H3:Tile Installation Labour | H3:Limited Bathroom Refresh | H3:Basic Bathroom Renovation | H3:Selected Kitchen Refresh | H3:Basic Kitchen Renovation | H2:4. What Different Renovation Budgets May Cover | H2:5. Condo vs Landed House Renovation Costs | H3:Condo or Apartment | H3:Landed House | H2:6. What Changes the Final Renovation Price? | H2:7. Correct Renovation Work Sequence | H3:Planning & Approval | H3:Protection, Hacking & Disposal | H3:Wet Works, Plumbing & Electrical | H3:Ceiling, Tiling & Flooring | H3:Carpentry, Fixtures & Painting | H3:Testing, Touch-Up & Handover | H2:8. Hidden and Extra Renovation Costs | H2:9. How to Compare Renovation Quotations | H2:10. Renovation Approvals and Building Rules | H3:For Condos and Apartments | H3:For Landed Properties | H3:Plan Your Renovation with a Clear Scope | H2:Related Renovation and Property Services | H3:House Renovation Kuala Lumpur | H3:House Renovation Selangor | H3:Electrical Services | H3:Plaster Ceiling | H3:Waterproofing | H3:Aircond Installation | H2:11. House Renovation Cost FAQs | H3:Leave A Comment Cancel Comment","House Renovation Cost Kuala Lumpur 2026 | Price Guide","Plan your house renovation cost in Kuala Lumpur with starting prices for painting, tiling, bathrooms, kitchens and condo upgrades. WhatsApp RK Reno for an estimate.","https://rkrenosolution.com/house-renovation-in-kuala-lumpur-the-ultimate-planning-cost-guide-2026/","https://rkrenosolution.com/wp-content/uploads/2026/03/RK-Reno-Solutions-Logo.png","BlogPosting | BreadcrumbList | Organization | Person | WebPage | WebSite","2026-03-28T11:10:05+00:00","2026-07-18T12:57:03+00:00","FALSE","/house-renovation-in-kuala-lumpur-the-ultimate-planning-cost-guide-2026/ | /house-renovation-in-kuala-lumpur/ | /house-renovation-in-selangor/ | / | /electrical-services-selangor/ | /plaster-ceiling-contractor-kl/ | /waterproofing-contractor-kuala-lumpur/ | /aircond-installation-kl/ | /tag/guide/ | /electrical-services-selangor-the-complete-safety-pricing-guide-2026-edition/ | /blog/ | /house-renovation-in-selangor-the-ultimate-2026-guide-to-extending-your-home/","176de0c9ec1514ffdc0da11e2680baaf9dc20aae070c2ac0489e75c8c6fbc0f0","2978","https://secure.gravatar.com/avatar/4c7a7e136a0e22539059a09b5784869ac34f14870c8711497f9feb22be355403?s=96&d=mm&r=g | https://rkrenosolution.com/wp-content/uploads/2026/01/Completed-modern-house-renovation-in-Kuala-Lumpur-featuring-a-renovated-living-area.jpeg | https://rkrenosolution.com/wp-content/uploads/2026/01/Completed-modern-house-renovation-in-Kuala-Lumpur-featuring-a-renovated-living-area.jpeg | https://rkrenosolution.com/wp-content/uploads/2026/01/Quality-craftsmanship-in-house-renovation-in-Kuala-Lumpur-showing-detailed-kitchen-finishing-work.jpeg","","AVAILABLE"
"/house-renovation-in-selangor-the-ultimate-2026-guide-to-extending-your-home/","200","https://rkrenosolution.com/house-renovation-in-selangor-the-ultimate-2026-guide-to-extending-your-home/","","House Renovation in Selangor: The Ultimate 2026 Guide to Extending Your Home - RK Reno Solution","Services › Renovation › Selangor Guide House Renovation in Selangor: The Ultimate 2026 Guide to Extending Your Home By RK Reno Expert 10 Minute Read Selangor, MY Selangor is home to some of the most vibrant townships in Malaysia. From the bustling streets of Subang Jaya to the spacious layouts of Shah Alam and the","https://rkrenosolution.com/house-renovation-in-selangor-the-ultimate-2026-guide-to-extending-your-home/","max-image-preview:large","House Renovation in Selangor: The Ultimate 2026 Guide to Extending Your Home","H1:House Renovation in Selangor: The Ultimate 2026 Guide to Extending Your Home | H2:1. Navigating Selangor's Local Councils | H2:2. Our Core Renovation Services | H3:A. Wet Works & Extensions | H3:B. M&E (Mechanical & Electrical) | H3:C. Finishing Works | H2:3. The Renovation Process: Concept to Keys | H3:Step 1: Consultation & Site Measurement | H3:Step 2: Quotation & Material Selection | H3:Step 3: Execution | H3:Step 4: Handover | H3:Planning a Major Extension? | H2:4. 2026 House Renovation Cost Guide (Selangor) | H2:5. Essential Tips for Selangor Homeowners | H2:6. Why Choose RK Reno Solution? | H3:Leave A Comment Cancel Comment","House Renovation in Selangor: The Ultimate 2026 Guide to Extending Your Home - RK Reno Solution","Services › Renovation › Selangor Guide House Renovation in Selangor: The Ultimate 2026 Guide to Extending Your Home By RK Reno Expert 10 Minute Read Selangor, MY Selangor is home to some of the most vibrant townships in Malaysia. From the bustling streets of Subang Jaya to the spacious layouts of Shah Alam and the","https://rkrenosolution.com/house-renovation-in-selangor-the-ultimate-2026-guide-to-extending-your-home/","https://rkrenosolution.com/wp-content/uploads/2026/03/RK-Reno-Solutions-Logo.png","BlogPosting | BreadcrumbList | Organization | Person | WebPage | WebSite | FAQPage","2026-03-28T11:12:36+00:00","2026-03-28T11:13:12+00:00","FALSE","/house-renovation-in-selangor-the-ultimate-2026-guide-to-extending-your-home/ | / | /electrical-services-selangor/ | /plaster-ceiling-contractor-kl/ | /house-renovation-in-kuala-lumpur-the-ultimate-planning-cost-guide-2026/ | /blog/ | /office-renovation-in-kuala-lumpur-the-2026-corporate-guide-to-productivity/","7c431bc7f1f6812bb143af427ca0904266f836fd3ed546248281b0941008c31c","1598","https://secure.gravatar.com/avatar/4c7a7e136a0e22539059a09b5784869ac34f14870c8711497f9feb22be355403?s=96&d=mm&r=g | https://rkrenosolution.com/wp-content/uploads/2026/01/House-Renovation-in-Selangor-modern-terrace-extension-and-interior-remodeling-project.jpeg?q=80&w=1000&auto=format&fit=crop | https://rkrenosolution.com/wp-content/uploads/2026/01/Quality-House-Renovation-in-Selangor-featuring-wet-works-and-tiling-installation.jpeg?q=80&w=1000&auto=format&fit=crop","","AVAILABLE"
"/office-renovation-in-kuala-lumpur-the-2026-corporate-guide-to-productivity/","200","https://rkrenosolution.com/office-renovation-in-kuala-lumpur-the-2026-corporate-guide-to-productivity/","","Office Renovation in Kuala Lumpur: The 2026 Corporate Guide to Productivity - RK Reno Solution","Services › Commercial › Office Fit-Out Office Renovation in Kuala Lumpur: The 2026 Corporate Guide to Productivity By RK Project Director 9 Minute Read Kuala Lumpur, MY Your office is more than just a place to work; it is the physical embodiment of your brand. In Kuala Lumpur's competitive market, a modern, functional workspace is","https://rkrenosolution.com/office-renovation-in-kuala-lumpur-the-2026-corporate-guide-to-productivity/","max-image-preview:large","Office Renovation in Kuala Lumpur: The 2026 Corporate Guide to Productivity","H1:Office Renovation in Kuala Lumpur: The 2026 Corporate Guide to Productivity | H2:1. The Rules: Permits & Building Management | H2:2. Partitioning: Gypsum vs. Glass | H3:Gypsum Board Partition (Drywall) | H3:Tempered Glass Partition | H2:3. Commercial Flooring Options | H2:4. The Backbone: Data Cabling & Electrical | H2:5. Moving Out? Office Reinstatement | H3:Planning an Office Fit-Out? | H2:6. Office Renovation Cost Guide (KL 2026) | H2:Why RK Reno Solution? | H3:Leave A Comment Cancel Comment","Office Renovation in Kuala Lumpur: The 2026 Corporate Guide to Productivity - RK Reno Solution","Services › Commercial › Office Fit-Out Office Renovation in Kuala Lumpur: The 2026 Corporate Guide to Productivity By RK Project Director 9 Minute Read Kuala Lumpur, MY Your office is more than just a place to work; it is the physical embodiment of your brand. In Kuala Lumpur's competitive market, a modern, functional workspace is","https://rkrenosolution.com/office-renovation-in-kuala-lumpur-the-2026-corporate-guide-to-productivity/","https://rkrenosolution.com/wp-content/uploads/2026/03/RK-Reno-Solutions-Logo.png","BlogPosting | BreadcrumbList | Organization | Person | WebPage | WebSite | FAQPage","2026-03-28T11:15:05+00:00","2026-03-28T11:19:42+00:00","FALSE","/office-renovation-in-kuala-lumpur-the-2026-corporate-guide-to-productivity/ | / | /tag/office-fit-out/ | /house-renovation-in-selangor-the-ultimate-2026-guide-to-extending-your-home/ | /blog/ | /plaster-ceiling-contractor-kl-the-ultimate-design-pricing-guide-2026/","a93f80c468fa2bb508303507a77eb17a2512af835466e60b25820bcafbb46cf6","1541","https://secure.gravatar.com/avatar/4c7a7e136a0e22539059a09b5784869ac34f14870c8711497f9feb22be355403?s=96&d=mm&r=g | https://rkrenosolution.com/wp-content/uploads/2026/01/Modern-Office-Renovation-in-Kuala-Lumpur-featuring-open-plan-layout-and-glass-partitions.jpeg?q=80&w=1000&auto=format&fit=crop","","AVAILABLE"
"/pakej-deep-cleaning-rumah-kl-termasuk-pre-hari-raya/","200","https://rkrenosolution.com/pakej-deep-cleaning-rumah-kl-termasuk-pre-hari-raya/","","Pakej Deep Cleaning Rumah KL (Termasuk Pre-Hari Raya) - RK Reno Solution","Servis Pembersihan KL Pakej Cuci Rumah KL: Harga & Servis Deep Cleaning 2026 Sedang cari pakej cuci rumah untuk kondo, rumah teres, rumah selepas renovasi, atau persediaan sebelum Hari Raya? RK Reno Solution menyediakan servis cuci rumah di Kuala Lumpur, Selangor, Setapak, Cheras, Wangsa Maju, dan kawasan sekitar. Semak Harga Lihat Servis Sesuai untuk deep","https://rkrenosolution.com/pakej-deep-cleaning-rumah-kl-termasuk-pre-hari-raya/","max-image-preview:large","Pakej Cuci Rumah KL: Harga & Servis Deep Cleaning 2026","H1:Pakej Cuci Rumah KL: Harga & Servis Deep Cleaning 2026 | H2:Pakej Cuci Rumah Untuk Ruang Yang Lebih Bersih | H3:Deep Cleaning | H3:Post Renovation | H3:Pre-Hari Raya | H2:Isi Kandungan | H2:Apa Yang Termasuk Dalam Pakej Cuci Rumah? | H2:Harga Pakej Cuci Rumah KL | H2:Mahukan Harga Untuk Rumah Anda? | H2:Pakej Cuci Rumah Pre-Hari Raya | H2:Cucian Selepas Renovasi Rumah | H3:Servis Ini Sesuai Selepas: | H2:Servis Tambahan Yang Boleh Digabungkan | H3:Cuci Dapur Berminyak | H3:Cuci Habuk Plaster Ceiling | H3:Servis Aircond Add-On | H2:Kenapa Pilih RK Reno Solution? | H3:Pemeriksaan Awal | H3:Rumah & Pejabat | H3:Fokus Kawasan Penting | H2:Soalan Lazim Tentang Pakej Cuci Rumah | H3:Berapa harga pakej cuci rumah di KL? | H3:Apa beza deep cleaning dan cucian biasa? | H3:Adakah pakej ini sesuai selepas renovasi? | H3:Berapa lama masa cuci rumah diambil? | H3:Bagaimana cara tempah pakej cuci rumah? | H2:Tempah Pakej Cuci Rumah Hari Ini | H3:Leave A Comment Cancel Comment","Pakej Deep Cleaning Rumah KL (Termasuk Pre-Hari Raya) - RK Reno Solution","Servis Pembersihan KL Pakej Cuci Rumah KL: Harga & Servis Deep Cleaning 2026 Sedang cari pakej cuci rumah untuk kondo, rumah teres, rumah selepas renovasi, atau persediaan sebelum Hari Raya? RK Reno Solution menyediakan servis cuci rumah di Kuala Lumpur, Selangor, Setapak, Cheras, Wangsa Maju, dan kawasan sekitar. Semak Harga Lihat Servis Sesuai untuk deep","https://rkrenosolution.com/pakej-deep-cleaning-rumah-kl-termasuk-pre-hari-raya/","https://rkrenosolution.com/wp-content/uploads/2026/03/RK-Reno-Solutions-Logo.png","BlogPosting | BreadcrumbList | Organization | Person | WebPage | WebSite | FAQPage","2026-04-04T14:15:32+00:00","2026-05-21T16:00:37+00:00","FALSE","/pakej-deep-cleaning-rumah-kl-termasuk-pre-hari-raya/ | /servis-cuci-rumah-kl/ | / | /house-renovation-in-kuala-lumpur/ | /plaster-ceiling-contractor-kl/ | /waterproofing-contractor-kuala-lumpur/ | /upah-pasang-aircond-selangor/ | /contact-us/ | /tag/kuala-lumpur/ | /commercial-retail-shop-renovation-in-kuala-lumpur/ | /blog/","e7b28aad95c8a8b44daf6c961bf1c546134f8ef8db377a03a27b3fe77751695a","2335","https://secure.gravatar.com/avatar/4c7a7e136a0e22539059a09b5784869ac34f14870c8711497f9feb22be355403?s=96&d=mm&r=g | /wp-content/uploads/2026/04/deep-cleaning-rumah-kuala-lumpur.webp | /wp-content/uploads/2026/04/cuci-bilik-air-rumah-kl.webp | /wp-content/uploads/2026/04/pakej-cuci-rumah-hari-raya.webp | /wp-content/uploads/2026/04/cucian-selepas-renovasi-rumah.webp | /wp-content/uploads/2026/04/cuci-dapur-rumah-berminyak.webp | /wp-content/uploads/2026/04/cuci-habuk-plaster-ceiling.webp | /wp-content/uploads/2026/04/servis-aircond-dan-cuci-rumah.webp","","AVAILABLE"
"/pu-injection-waterproofing-kl-how-to-fix-wall-cracks-permanently/","200","https://rkrenosolution.com/pu-injection-waterproofing-kl-how-to-fix-wall-cracks-permanently/","","PU Injection Waterproofing KL: How to Fix Wall Cracks Permanently - RK Reno Solution","Guides › Waterproofing › Maintenance PU Injection Waterproofing KL: How to Fix Wall Cracks Permanently By RK Reno Waterproofing Experts 6 Minute Read Kuala Lumpur, MY Are you noticing yellow water stains spreading across your ceiling? Or perhaps a distinct, jagged crack on your concrete wall that starts weeping every time there is a heavy","https://rkrenosolution.com/pu-injection-waterproofing-kl-how-to-fix-wall-cracks-permanently/","max-image-preview:large","PU Injection Waterproofing KL: How to Fix Wall Cracks Permanently","H1:PU Injection Waterproofing KL: How to Fix Wall Cracks Permanently | H2:1. What is PU Injection Waterproofing? | H2:2. Why Do Concrete Walls & Ceilings Crack? | H2:3. How the PU Grouting Process Works (No Hacking) | H3:Stop the Leak Before It Ruins Your Home | H2:4. 2026 Cost Guide for PU Injection in KL | H2:5. Why Choose RK Reno for Wall Crack Repair? | H3:Leave A Comment Cancel Comment","PU Injection Waterproofing KL: How to Fix Wall Cracks Permanently - RK Reno Solution","Guides › Waterproofing › Maintenance PU Injection Waterproofing KL: How to Fix Wall Cracks Permanently By RK Reno Waterproofing Experts 6 Minute Read Kuala Lumpur, MY Are you noticing yellow water stains spreading across your ceiling? Or perhaps a distinct, jagged crack on your concrete wall that starts weeping every time there is a heavy","https://rkrenosolution.com/pu-injection-waterproofing-kl-how-to-fix-wall-cracks-permanently/","https://rkrenosolution.com/wp-content/uploads/2026/03/RK-Reno-Solutions-Logo.png","BlogPosting | BreadcrumbList | Organization | Person | WebPage | WebSite | FAQPage","2026-04-04T14:08:09+00:00","2026-04-04T14:08:49+00:00","FALSE","/pu-injection-waterproofing-kl-how-to-fix-wall-cracks-permanently/ | /waterproofing-contractor-kuala-lumpur/ | / | /plaster-ceiling-contractor-kl/ | /house-renovation-in-kuala-lumpur/ | /tag/waterproofing/ | /office-renovation-petaling-jaya-corporate-fit-out-experts/ | /blog/ | /commercial-retail-shop-renovation-in-kuala-lumpur/","b9229f937da4b02c7b0114a7697b37bf9015c72e0488b113cbaefe9a3b3318a7","1812","https://secure.gravatar.com/avatar/4c7a7e136a0e22539059a09b5784869ac34f14870c8711497f9feb22be355403?s=96&d=mm&r=g | https://rkrenosolution.com/wp-content/uploads/2026/01/PU-injection-waterproofing-KL-technician-sealing-wall-cracks.jpeg?q=80&w=1000&auto=format&fit=crop","","AVAILABLE"
"/servis-aircond-murah-kl-the-ultimate-2026-guide-to-a-colder-home/","200","https://rkrenosolution.com/servis-aircond-murah-kl-the-ultimate-2026-guide-to-a-colder-home/","","Servis Aircond Murah KL: The Ultimate 2026 Guide to a Colder Home - RK Reno Solution","Services › HVAC › Aircond Maintenance Servis Aircond Murah KL: The Ultimate 2026 Guide to a Colder Home By RK HVAC Expert 8 Minute Read Kuala Lumpur, MY In the blazing heat of Kuala Lumpur, a broken air conditioner is a certified emergency. Whether your unit is dripping water on your floor, blowing warm air,","https://rkrenosolution.com/servis-aircond-murah-kl-the-ultimate-2026-guide-to-a-colder-home/","max-image-preview:large","Servis Aircond Murah KL: The Ultimate 2026 Guide to a Colder Home","H1:Servis Aircond Murah KL: The Ultimate 2026 Guide to a Colder Home | H2:1. Tanda-Tanda (Signs) Your Aircond Needs Servicing | H2:2. General Service vs. Chemical Wash: Which One? | H3:General Service (Cuci Biasa) | H3:Chemical Wash (Cuci Chemical) | H2:3. The Gas Refill Scam: Do You Really Need It? | H3:Aircond Tak Sejuk atau Leaking? | H2:4. Harga Servis Aircond Murah KL (2026 Guide) | H2:5. Troubleshooting Common Problems | H2:6. Kenapa Pilih RK Reno Solution? | H3:Leave A Comment Cancel Comment","Servis Aircond Murah KL: The Ultimate 2026 Guide to a Colder Home - RK Reno Solution","Services › HVAC › Aircond Maintenance Servis Aircond Murah KL: The Ultimate 2026 Guide to a Colder Home By RK HVAC Expert 8 Minute Read Kuala Lumpur, MY In the blazing heat of Kuala Lumpur, a broken air conditioner is a certified emergency. Whether your unit is dripping water on your floor, blowing warm air,","https://rkrenosolution.com/servis-aircond-murah-kl-the-ultimate-2026-guide-to-a-colder-home/","https://rkrenosolution.com/wp-content/uploads/2026/03/RK-Reno-Solutions-Logo.png","BlogPosting | BreadcrumbList | Organization | Person | WebPage | WebSite | FAQPage","2026-03-28T11:25:47+00:00","2026-03-28T11:26:25+00:00","FALSE","/servis-aircond-murah-kl-the-ultimate-2026-guide-to-a-colder-home/ | / | /tag/aircond-maintenance/ | /plaster-ceiling-contractor-kl-the-ultimate-design-pricing-guide-2026/ | /blog/ | /servis-cuci-rumah-kl-the-ultimate-2026-guide-to-a-spotless-home/","342993403d766c2ac04c59648bf84d4a8b51e977b3e1ab159da63060ec7792b6","1718","https://secure.gravatar.com/avatar/4c7a7e136a0e22539059a09b5784869ac34f14870c8711497f9feb22be355403?s=96&d=mm&r=g | https://rkrenosolution.com/wp-content/uploads/2026/01/Servis-Aircond-Murah-KL-technician-cleaning-wall-mounted-unit-filter.jpeg?q=80&w=1000&auto=format&fit=crop","","AVAILABLE"
"/servis-cuci-rumah-kl-the-ultimate-2026-guide-to-a-spotless-home/","200","https://rkrenosolution.com/servis-cuci-rumah-kl-the-ultimate-2026-guide-to-a-spotless-home/","","Servis Cuci Rumah KL: The Ultimate 2026 Guide to a Spotless Home - RK Reno Solution","Services › Maintenance › Cleaning Servis Cuci Rumah KL: The Ultimate 2026 Guide to a Spotless Home By RK Cleaning Expert 7 Minute Read Kuala Lumpur, MY Moving into a new house or finishing a renovation is exciting, but the thick layers of dust and cement stains left behind are a nightmare. In a busy","https://rkrenosolution.com/servis-cuci-rumah-kl-the-ultimate-2026-guide-to-a-spotless-home/","max-image-preview:large","Servis Cuci Rumah KL: The Ultimate 2026 Guide to a Spotless Home","H1:Servis Cuci Rumah KL: The Ultimate 2026 Guide to a Spotless Home | H2:1. Types of Cleaning (Jenis Cucian Rumah) | H3:Move-In / Move-Out Cleaning | H3:Post-Renovation Cleaning (Cuci Lepas Reno) | H3:Spring Cleaning (Cuci Raya / Deep Clean) | H2:2. The Danger of Post-Renovation Dust | H2:3. Our Step-by-Step Cleaning Process | H3:Rumah Berhabuk Selepas Renovation? | H2:4. Do You Need to Provide Equipment? | H2:5. Harga Servis Cuci Rumah KL (2026 Guide) | H2:6. Kenapa Pilih RK Reno Solution? | H3:Leave A Comment Cancel Comment","Servis Cuci Rumah KL: The Ultimate 2026 Guide to a Spotless Home - RK Reno Solution","Services › Maintenance › Cleaning Servis Cuci Rumah KL: The Ultimate 2026 Guide to a Spotless Home By RK Cleaning Expert 7 Minute Read Kuala Lumpur, MY Moving into a new house or finishing a renovation is exciting, but the thick layers of dust and cement stains left behind are a nightmare. In a busy","https://rkrenosolution.com/servis-cuci-rumah-kl-the-ultimate-2026-guide-to-a-spotless-home/","https://rkrenosolution.com/wp-content/uploads/2026/03/RK-Reno-Solutions-Logo.png","BlogPosting | BreadcrumbList | Organization | Person | WebPage | WebSite | FAQPage","2026-03-28T11:39:14+00:00","2026-03-28T11:40:14+00:00","FALSE","/servis-cuci-rumah-kl-the-ultimate-2026-guide-to-a-spotless-home/ | / | /house-renovation-in-kuala-lumpur/ | /plaster-ceiling-contractor-kl/ | /tag/cleaning/ | /servis-aircond-murah-kl-the-ultimate-2026-guide-to-a-colder-home/ | /blog/ | /upah-pasang-aircond-selangor-panduan-harga-pemasangan-2026/","dcd7dfc0e7a53c1124e63fc4db15a275097239d4a85a82cc8deadb63f08bfc11","1679","https://secure.gravatar.com/avatar/4c7a7e136a0e22539059a09b5784869ac34f14870c8711497f9feb22be355403?s=96&d=mm&r=g | https://rkrenosolution.com/wp-content/uploads/2026/01/Professional-Servis-Cuci-Rumah-KL-team-performing-deep-cleaning-in-living-room.jpeg?q=80&w=1000&auto=format&fit=crop","","AVAILABLE"
"/servis-cuci-rumah-kl/","200","https://rkrenosolution.com/servis-cuci-rumah-kl/","","Servis Cuci Rumah KL - RK Reno Solution","Bersih Pantas Trusted Pakar Servis Cuci Rumah KL Keep your home spotless with RK Reno Solution. We provide professional Servis Cuci Rumah KL, including move-in cleaning, post-renovation cleaning, and spring cleaning. WhatsApp Sekarang Email Quote 2000+ Rumah Dicuci 100% Puas Hati 4 Jam Sesi Minima 4.9/5 Google Rating Kenapa Pilih Kami untuk Servis Cuci Rumah","https://rkrenosolution.com/servis-cuci-rumah-kl/","max-image-preview:large","","","Servis Cuci Rumah KL - RK Reno Solution","Bersih Pantas Trusted Pakar Servis Cuci Rumah KL Keep your home spotless with RK Reno Solution. We provide professional Servis Cuci Rumah KL, including move-in cleaning, post-renovation cleaning, and spring cleaning. WhatsApp Sekarang Email Quote 2000+ Rumah Dicuci 100% Puas Hati 4 Jam Sesi Minima 4.9/5 Google Rating Kenapa Pilih Kami untuk Servis Cuci Rumah","https://rkrenosolution.com/servis-cuci-rumah-kl/","https://rkrenosolution.com/wp-content/uploads/2026/03/RK-Reno-Solutions-Logo.png","BreadcrumbList | Organization | WebPage | WebSite | HouseCleaning","2026-03-28T10:24:31+00:00","2026-06-07T09:21:14+00:00","FALSE","","e3b0c44298fc1c149afbf4c8996fb92427ae41e4649b934ca495991b7852b855","0","","","AVAILABLE"
"/thank-you/","200","https://rkrenosolution.com/thank-you/","","Thank You - RK Reno Solution","Thank You! Your feedback has been submitted successfully. We appreciate your time and effort to help us improve!","https://rkrenosolution.com/thank-you/","max-image-preview:large","","H2:Thank You!","Thank You - RK Reno Solution","Thank You! Your feedback has been submitted successfully. We appreciate your time and effort to help us improve!","https://rkrenosolution.com/thank-you/","https://rkrenosolution.com/wp-content/uploads/2026/03/RK-Reno-Solutions-Logo.png","BreadcrumbList | Organization | WebPage | WebSite","2025-01-22T07:23:02+00:00","2025-01-22T07:23:02+00:00","FALSE","","3293b7b3da04ead1028f0dbe27f77684549cdfd62dea43bec75bdec86b2429b7","18","","","AVAILABLE"
"/category/commercial/","200","https://rkrenosolution.com/category/commercial/","","Commercial - RK Reno Solution","","https://rkrenosolution.com/category/commercial/","max-image-preview:large","","H2:Office Renovation Petaling Jaya: Corporate Fit-Out Experts | H2:Office Renovation in Kuala Lumpur: The 2026 Corporate Guide to Productivity","","","","","BreadcrumbList | CollectionPage | Organization | WebSite","","","FALSE","/category/commercial/ | /office-renovation-petaling-jaya-corporate-fit-out-experts/ | /office-renovation-in-kuala-lumpur-the-2026-corporate-guide-to-productivity/","5a4590dddb080b89362c5d7242c0a283e80fa3b6d6211e425e77dd77ac88d2ab","74","https://secure.gravatar.com/avatar/4c7a7e136a0e22539059a09b5784869ac34f14870c8711497f9feb22be355403?s=96&d=mm&r=g | https://secure.gravatar.com/avatar/4c7a7e136a0e22539059a09b5784869ac34f14870c8711497f9feb22be355403?s=96&d=mm&r=g","","AVAILABLE"
"/category/hvac-guides/","200","https://rkrenosolution.com/category/hvac-guides/","","HVAC Guides - RK Reno Solution","","https://rkrenosolution.com/category/hvac-guides/","max-image-preview:large","","H2:Upah Pasang Aircond Selangor: Panduan Harga & Pemasangan (2026) | H2:Servis Aircond Murah KL: The Ultimate 2026 Guide to a Colder Home | H2:Aircond Installation KL The Ultimate 2026 Guide – RK Reno Solution","","","","","BreadcrumbList | CollectionPage | Organization | WebSite","","","FALSE","/category/hvac-guides/ | /upah-pasang-aircond-selangor-panduan-harga-pemasangan-2026/ | /servis-aircond-murah-kl-the-ultimate-2026-guide-to-a-colder-home/ | /aircond-installation-kl-the-ultimate-2026-guide-rk-reno-solution/","5c18dc71c4c3ac8fd457a807e875f76992b4afef924912d7c5a1054a83565d87","119","https://secure.gravatar.com/avatar/4c7a7e136a0e22539059a09b5784869ac34f14870c8711497f9feb22be355403?s=96&d=mm&r=g | https://secure.gravatar.com/avatar/4c7a7e136a0e22539059a09b5784869ac34f14870c8711497f9feb22be355403?s=96&d=mm&r=g | https://secure.gravatar.com/avatar/4c7a7e136a0e22539059a09b5784869ac34f14870c8711497f9feb22be355403?s=96&d=mm&r=g","","AVAILABLE"
"/category/maintenance/","200","https://rkrenosolution.com/category/maintenance/","","Maintenance - RK Reno Solution","","https://rkrenosolution.com/category/maintenance/","max-image-preview:large","","H2:Pakej Deep Cleaning Rumah KL (Termasuk Pre-Hari Raya) | H2:PU Injection Waterproofing KL: How to Fix Wall Cracks Permanently | H2:Waterproofing Contractor Kuala Lumpur: The Complete Guide to Stopping Leaks (2026) | H2:Servis Cuci Rumah KL: The Ultimate 2026 Guide to a Spotless Home","","","","","BreadcrumbList | CollectionPage | Organization | WebSite","","","FALSE","/category/maintenance/ | /category/servis-pembersihan/ | /pakej-deep-cleaning-rumah-kl-termasuk-pre-hari-raya/ | /pu-injection-waterproofing-kl-how-to-fix-wall-cracks-permanently/ | /waterproofing-contractor-kuala-lumpur-the-complete-guide-to-stopping-leaks-2026/ | /servis-cuci-rumah-kl-the-ultimate-2026-guide-to-a-spotless-home/","1398f016959fe64bf97b5fcd3536b4143487f61b00a5c973378eb3ccfe6e18ad","154","https://secure.gravatar.com/avatar/4c7a7e136a0e22539059a09b5784869ac34f14870c8711497f9feb22be355403?s=96&d=mm&r=g | https://secure.gravatar.com/avatar/4c7a7e136a0e22539059a09b5784869ac34f14870c8711497f9feb22be355403?s=96&d=mm&r=g | https://secure.gravatar.com/avatar/4c7a7e136a0e22539059a09b5784869ac34f14870c8711497f9feb22be355403?s=96&d=mm&r=g | https://secure.gravatar.com/avatar/4c7a7e136a0e22539059a09b5784869ac34f14870c8711497f9feb22be355403?s=96&d=mm&r=g","","AVAILABLE"
"/category/renovation/","200","https://rkrenosolution.com/category/renovation/","","Renovation - RK Reno Solution","","https://rkrenosolution.com/category/renovation/","max-image-preview:large","","H2:Commercial Retail Shop Renovation in Kuala Lumpur | H2:House Renovation in Selangor: The Ultimate 2026 Guide to Extending Your Home | H2:House Renovation in Kuala Lumpur: The Ultimate Planning & Cost Guide (2026)","","","","","BreadcrumbList | CollectionPage | Organization | WebSite","","","FALSE","/category/renovation/ | /commercial-retail-shop-renovation-in-kuala-lumpur/ | /house-renovation-in-selangor-the-ultimate-2026-guide-to-extending-your-home/ | /house-renovation-in-kuala-lumpur-the-ultimate-planning-cost-guide-2026/","bd24286244b35aac37afef347e1bced176b94bb7aae02020324b566c66fc0539","115","https://secure.gravatar.com/avatar/4c7a7e136a0e22539059a09b5784869ac34f14870c8711497f9feb22be355403?s=96&d=mm&r=g | https://secure.gravatar.com/avatar/4c7a7e136a0e22539059a09b5784869ac34f14870c8711497f9feb22be355403?s=96&d=mm&r=g | https://secure.gravatar.com/avatar/4c7a7e136a0e22539059a09b5784869ac34f14870c8711497f9feb22be355403?s=96&d=mm&r=g","","AVAILABLE"
"/category/servis-pembersihan/","200","https://rkrenosolution.com/category/servis-pembersihan/","","Servis Pembersihan - RK Reno Solution","","https://rkrenosolution.com/category/servis-pembersihan/","max-image-preview:large","","H2:Pakej Deep Cleaning Rumah KL (Termasuk Pre-Hari Raya)","","","","","BreadcrumbList | CollectionPage | Organization | WebSite","","","FALSE","/category/maintenance/ | /category/servis-pembersihan/ | /pakej-deep-cleaning-rumah-kl-termasuk-pre-hari-raya/","de1a92ae28ce538566d557834bfdde3bb897c12f2eb19af430a4caad99dcc4c4","37","https://secure.gravatar.com/avatar/4c7a7e136a0e22539059a09b5784869ac34f14870c8711497f9feb22be355403?s=96&d=mm&r=g","","AVAILABLE"
"/category/technical-guides/","200","https://rkrenosolution.com/category/technical-guides/","","Technical Guides - RK Reno Solution","","https://rkrenosolution.com/category/technical-guides/","max-image-preview:large","","H2:Electrical Services Selangor: The Complete Safety & Pricing Guide (2026 Edition)","","","","","BreadcrumbList | CollectionPage | Organization | WebSite","","","FALSE","/category/technical-guides/ | /electrical-services-selangor-the-complete-safety-pricing-guide-2026-edition/","a03688ecf6109c2a6c3ce0761fc6caf700afae725ff7c697b156230f4542daef","40","https://secure.gravatar.com/avatar/4c7a7e136a0e22539059a09b5784869ac34f14870c8711497f9feb22be355403?s=96&d=mm&r=g","","AVAILABLE"
"/tag/interior-finishing/","200","https://rkrenosolution.com/tag/interior-finishing/","","Interior Finishing - RK Reno Solution","","https://rkrenosolution.com/tag/interior-finishing/","max-image-preview:large","","H2:Commercial Retail Shop Renovation in Kuala Lumpur | H2:Plaster Ceiling Contractor KL: The Ultimate Design & Pricing Guide (2026)","","","","","BreadcrumbList | CollectionPage | Organization | WebSite","","","FALSE","/category/renovation/ | /commercial-retail-shop-renovation-in-kuala-lumpur/ | /category/interior-design/ | /plaster-ceiling-contractor-kl-the-ultimate-design-pricing-guide-2026/","a31bb4d098d697b7ab221fa9bcd3bc35885a8053ad7f39d7a240334b178447e4","75","https://secure.gravatar.com/avatar/4c7a7e136a0e22539059a09b5784869ac34f14870c8711497f9feb22be355403?s=96&d=mm&r=g | https://secure.gravatar.com/avatar/4c7a7e136a0e22539059a09b5784869ac34f14870c8711497f9feb22be355403?s=96&d=mm&r=g","","AVAILABLE"
"/tag/office-fit-out/","200","https://rkrenosolution.com/tag/office-fit-out/","","Office Fit-Out - RK Reno Solution","","https://rkrenosolution.com/tag/office-fit-out/","max-image-preview:large","","H2:Office Renovation in Kuala Lumpur: The 2026 Corporate Guide to Productivity","","","","","BreadcrumbList | CollectionPage | Organization | WebSite","","","FALSE","/category/commercial/ | /office-renovation-in-kuala-lumpur-the-2026-corporate-guide-to-productivity/","98b250f876103414801c79134a85d2ebec536932d1e064fc6066955bc9e7024c","39","https://secure.gravatar.com/avatar/4c7a7e136a0e22539059a09b5784869ac34f14870c8711497f9feb22be355403?s=96&d=mm&r=g","","AVAILABLE"
"/tag/waterproofing/","200","https://rkrenosolution.com/tag/waterproofing/","","Waterproofing - RK Reno Solution","","https://rkrenosolution.com/tag/waterproofing/","max-image-preview:large","","H2:PU Injection Waterproofing KL: How to Fix Wall Cracks Permanently | H2:Waterproofing Contractor Kuala Lumpur: The Complete Guide to Stopping Leaks (2026)","","","","","BreadcrumbList | CollectionPage | Organization | WebSite","","","FALSE","/category/maintenance/ | /pu-injection-waterproofing-kl-how-to-fix-wall-cracks-permanently/ | /waterproofing-contractor-kuala-lumpur-the-complete-guide-to-stopping-leaks-2026/","4e0098a100c736887965b3098a2c6c84681f7ade3383b208b020d712bcaa48cf","77","https://secure.gravatar.com/avatar/4c7a7e136a0e22539059a09b5784869ac34f14870c8711497f9feb22be355403?s=96&d=mm&r=g | https://secure.gravatar.com/avatar/4c7a7e136a0e22539059a09b5784869ac34f14870c8711497f9feb22be355403?s=96&d=mm&r=g","","AVAILABLE"
