"relativePath","size","sha256","runtimePurpose","cacheClassification","classification"
"SHA256SUMS","43013","6c0098917df525b9ac65dc5449a35f80b71f6952ffaf7ef1b7de472bf569d02a","release metadata or dependency definition","not_applicable","server_only"
"config/analytics-consent-policy.json","733","123342a0645ee3d8257fa3be160f2126d5184c78005bf9d7a4dc963201fd5061","non-secret runtime policy","not_applicable","server_only"
"config/approved-release.json","869","35a1bddf42d2e56cf8c5efdf1387ece7eb9dbdceda87c4f6ed43d6fb6c8ed927","non-secret runtime policy","not_applicable","server_only"
"config/approved-route-content-lock.json","51200","1c42d6f677affee9fc73f73170dba8f876be29dc43f7aa69465b903b1e2307ff","non-secret runtime policy","not_applicable","server_only"
"config/form-policy.json","1115","02470d409136dd1b2e2c7cf9fcdcf51ad38386ce70fea141bc04e8406deb7ee4","non-secret runtime policy","not_applicable","server_only"
"config/post-cutover-monitoring.json","701","5fd36df77161aebce81f6902bca38fe100b0e830abef8ca6fbebf82b7604f297","non-secret runtime policy","not_applicable","server_only"
"config/private-preview-policy.json","517","fcf29a4c69d8b82e645552cf31eb8fc480b580d3fd6120ad322a75a2bdcb022b","non-secret runtime policy","not_applicable","server_only"
"config/private-preview.example.env","915","65f287b0b52bdf41ac0f0c2c5e90ef9e1ffe6531a4a7b2e06a0721e3b6c86f28","non-secret runtime policy","not_applicable","server_only"
"config/production-route-map.json","44182","f5d6880352ab4e4665ca145177cc653288b36de52a4f99e440f76c40fa23b1de","non-secret runtime policy","not_applicable","server_only"
"deploy/nginx/rkreno-private-preview.conf.template","2329","4702de349219efde4d8842992204caf3b185a9753831924a81345a8f196147e0","inactive deployment template","not_applicable","server_only"
"deploy/nginx/rkreno-production.conf.template","2428","f362cc301159dbd8f36e431a50f2d4f4c02770498e06a1dfcaaaea8a4a078c90","inactive deployment template","not_applicable","server_only"
"deploy/systemd/rkreno-enquiry.env.example","620","b29eee24716d55bf28ccc4192365fbc4297642187bad6927a16d96ac31230f79","inactive deployment template","not_applicable","server_only"
"deploy/systemd/rkreno-enquiry.service.template","538","65a1c1a8f45f695a8de5633f00fc23d1776b8534d51a48608664f2072369997d","inactive deployment template","not_applicable","server_only"
"dist/404.html","8239","1a1e036925ca565086a9c0462d84668e09b8f2feec41197a5b853943bfad5d50","static website response","revalidate","public"
"dist/_astro/CorePageTitle.DyHVPp8a.css","83546","82bace8886f3b91502aeb84eb0723667beaef1930e0d91e118774c542b1d9c06","versioned static asset","immutable_1_year","public"
"dist/about-us/index.html","14616","47527a96175c596766f58f08bf68345f300688797ce74049d7df7c4079effcef","static website response","revalidate","public"
"dist/aircond-installation-kl-the-ultimate-2026-guide-rk-reno-solution/index.html","27572","60dc29656cf2c92a78dbfa56c5fca030265ad51bca4724af261cc97768595e50","static website response","revalidate","public"
"dist/aircond-installation-kl/index.html","21030","7a7b08fed9232cc2352995e731d301ab4d4ff9ae73ec8fe301de74ed6738cd74","static website response","revalidate","public"
"dist/assets/media/404-image-96fd74bf.webp","34778","748ad3f951fa3c41d2327bbcca60c042aa96a349ee3383612321b1f635d08154","static website response","weekly","public"
"dist/assets/media/721430356-1623451745783563-6720154604310865920-n-b6c68602.jpg","71750","ca1973e84d17b9d978b2ddce90481bb4c4701454cdbf24e831f11e20a73f040f","static website response","weekly","public"
"dist/assets/media/721626720-1623451799116891-7023267947651638351-n-dfb212d1.jpg","82547","c92c7bd2d4ecd0349b8827ac7aa7103d93fbcfb2bb40aae88e0a71a029e55ee8","static website response","weekly","public"
"dist/assets/media/723104253-1623451735783564-5450851965206368683-n-3d2cd57b.jpg","56292","898543edcb8d299597ea0f2104141fb456ce77f6caecc03dee4487c679443ee1","static website response","weekly","public"
"dist/assets/media/Bathroom-waterproofing-service-in-KL-3293ca94.jpg","152970","634f927ed31730d3d1d7019f8c6fc94f44e93771d092272beafa2335fd9cd9ad","static website response","weekly","public"
"dist/assets/media/Blog-Detail-589948a8.webp","62416","565e623751da5acdcc8c6218ee4b68124388a08b1706d08030fd0c9ea335cd15","static website response","weekly","public"
"dist/assets/media/Blog-Full-Width-3992ce9c.webp","51990","bc090a3004bc3d567395d5a75e0a8faee22480e0c76b6e498a5bc434f507a4ef","static website response","weekly","public"
"dist/assets/media/Blog-Grid-9f61d04b.webp","67994","ac11ab6235feac18bd4ea876a69bcc3bb869ad136f5c52d450c9bd850367b91a","static website response","weekly","public"
"dist/assets/media/Blog-Standard-cb6c5c3f.webp","48346","7dbd82a180dc5249163b3842faee10c6b196b8d2ad1d5e34ed504c08794ddba1","static website response","weekly","public"
"dist/assets/media/Construction-workers-discussing-renovation-plans-092133b6.jpg","181076","61fd8fb74d3816198089058c497556f8c6e349c839e6590cfef0ab35bb27bb32","static website response","weekly","public"
"dist/assets/media/Engineers-e8744c76.svg","5080","ebf7cd699f8adde624d249f8a5c9875c824da4323b26f40abc156961154292ea","static website response","weekly","public"
"dist/assets/media/FAQ-a2e89af4.webp","32428","9e54e4ec09a9b672a478d52fa8aaa963710bd48952ff600137a6020d45616bc1","static website response","weekly","public"
"dist/assets/media/Home-9-0243fb95.webp","96450","7b3c5a1f6f93fb89a60e6075e9a100f03392232c131f3f8374e53746ac059577","static website response","weekly","public"
"dist/assets/media/Home-renovation-service-in-KL-422b205c.jpg","139950","bbee887e6c60d6feec831ed1783588f27bfe4050f1024513d152b8ace052831c","static website response","weekly","public"
"dist/assets/media/Interior-Design-1a209ba4.svg","6092","6e3ecc3a98ac725ce09125041693264b56659e4ec1cf6dc95145d02ffdeede60","static website response","weekly","public"
"dist/assets/media/Modern-building-renovation-and-property-improvement-b1ec6039.jpg","245720","e8bc35deb7820435966f37a276517fb68246146670c89ac6ea8d84c045998b79","static website response","weekly","public"
"dist/assets/media/Office-renovation-service-in-Selangor-7928d19d.jpg","214354","010e42f7009d6ef3ab8fa36cb5171957efa40240a1de7fc5962fead770a5fd02","static website response","weekly","public"
"dist/assets/media/Plaster-ceiling-and-aircond-installation-dd789b38.jpg","174657","30a4d5b57beeb1f0ab89749990c76263482d8801b5c980613308e351482c8f82","static website response","weekly","public"
"dist/assets/media/Project-Details-c895c8e2.webp","49178","ae25c04e0ad9e13c182b231950b9857f08bd21365de201a2dace68de42567bb4","static website response","weekly","public"
"dist/assets/media/RK-Reno-Solution-contractor-reviewing-renovation-projec-1fc54dc9.jpg","212062","3fed766a75bb0c470dc1d1fe3051c7dc54742cbb23ef232449ef3ec1058f50c0","static website response","weekly","public"
"dist/assets/media/RK-Reno-Solutions-Logo-942f64bb.png","21177","3667daf7ad5895945c5ac72124a4c1d8af7de9afc73ec7ca38e6e4a9e838da63","static website response","weekly","public"
"dist/assets/media/Renovation-31522f13.svg","4653","fb65b9f835bbaeaafe392714dc61635bcf7f21a2f08b707979901331740c7299","static website response","weekly","public"
"dist/assets/media/Renovation-contractor-for-commercial-buildings-93583952.jpg","289449","1b2c78b2321d5a0f88017dfbda1708cebca1acece564db6d6b9caf4ca1be43fc","static website response","weekly","public"
"dist/assets/media/Renovation-planning-and-project-drawings-1-ea76b170.jpg","160488","565b9009672317f66cab85c63a70243ef6bcec08c1c7ee1866695b867fa3e721","static website response","weekly","public"
"dist/assets/media/Renovation-planning-and-project-drawings-6cfdb2fc.jpg","155055","8c97329073fa12fec77077478881b8bee305e040f71e1ef32c61ca4d35a42999","static website response","weekly","public"
"dist/assets/media/Service-Detail-2a40464d.webp","46318","f30787458badc9cdf6b891683e9d8fb1321b84028708640572b1be48b37e10f8","static website response","weekly","public"
"dist/assets/media/Service-areas-in-KL-and-Selangor-0f0a8548.jpg","59662","f159a413be0db49a1930846c611a52a96376c1c5151d3b14089acac38c6540fc","static website response","weekly","public"
"dist/assets/media/Team-Detail-f6909dda.webp","37884","720beb36d5f3a9c7dcf97628c4e3d08d9e1a62f41753ae2b25f2a988d6a44a31","static website response","weekly","public"
"dist/assets/media/Testimonials-92f9ce53.webp","38390","3ed9f4e46840160634f8d08d01621712fc0adf199eb0d2b6949c7692909b6e17","static website response","weekly","public"
"dist/assets/media/about2-2726a495.webp","17470","0d2d9a88c12310a54ea387becf9a6b8e3636f6e4576af002870e8db862ddc352","static website response","weekly","public"
"dist/assets/media/accodior-img1-3a46b13e.webp","24224","8ba424f7a08a9a3edf1637ebd4aab8c2e1093ade47fed0df27aaaeaf4fe0477d","static website response","weekly","public"
"dist/assets/media/avartar1-90x90-68065c41.webp","982","0054a6c490087454d76da88fce8e36ad34f7e44ce72a521e6ba936213ebfd885","static website response","weekly","public"
"dist/assets/media/build1-1000x559-28efafc5.webp","109938","aee4f6ad98ad975444d4fb75a2643d97b2534403f660c9822616309ada41d87f","static website response","weekly","public"
"dist/assets/media/build1-709x709-06aa3646.webp","68714","5f14c14f04bed07f19de213b4d16f141b67ff170ed1ccd11203097e0f92cc88d","static website response","weekly","public"
"dist/assets/media/build1-767x746-0200e514.webp","76938","3b65637f2a0613c444c156576c1e83628882449fd27031d8dfddd51ae64bbe40","static website response","weekly","public"
"dist/assets/media/build1-853x524-b3068968.webp","71972","23830e729e020e3a0dfb7cc4609fb442ffdc5848e843195a5e2d41ed14c790ad","static website response","weekly","public"
"dist/assets/media/build1-938x524-65dfbf3a.webp","79038","cf38d7ba440276746a602b69867af1aec67d19761e79837ec1418585c1e7fe1a","static website response","weekly","public"
"dist/assets/media/build2-1000x559-0ed1b0e4.webp","100222","403f2a2a58238b91f19e0d2f9538eb3301d89cdf148a51c11a676a3b17bc80aa","static website response","weekly","public"
"dist/assets/media/build2-709x709-642901b6.webp","73804","27c38c8ff33d0adcbefaa5eb4aea72e177aebb1df352702ba6b9beaf4fa5b51d","static website response","weekly","public"
"dist/assets/media/build2-767x746-7de81bc1.webp","80038","0912995ec287fd62f6fd4da7843d095b31f57db806ed8962943d04eef1c36973","static website response","weekly","public"
"dist/assets/media/build2-853x524-0bf05efc.webp","65580","ce6abd8fb4a26c90a126f8b58ff66b35d1216afd6c4677ab063fb39bd3d28f69","static website response","weekly","public"
"dist/assets/media/build2-938x524-b3611da0.webp","74002","bda5b56af4d479d55e0c4554910d189bd7e5580a4bd6845b9fddd81767cf207c","static website response","weekly","public"
"dist/assets/media/build3-1000x526-51be83c5.webp","53090","75deb0078252f31e602cc62f62735d96be403e035c37fe0f2322bd361a7e8044","static website response","weekly","public"
"dist/assets/media/build3-1000x559-24e13b31.webp","56032","09d6564b3f9d601a0e505743d2899c65c758751473deacd9d38a3b989f6676bb","static website response","weekly","public"
"dist/assets/media/build3-767x746-0ba46db2.webp","39186","b76dce430a991767c6e5a4fe06b7c89175c16ab59c68a85094c15f02d335d81d","static website response","weekly","public"
"dist/assets/media/build3-853x524-700556db.webp","36992","d4c2a33a89f16496b9766cc7aa8a6c1437b125fa566b0fa92c00d81cb7f83e4e","static website response","weekly","public"
"dist/assets/media/build3-938x524-7f17feea.webp","40248","e52820e66780c8e5b84cf219f80e8950850199a68a57cf1963074ec6553e4a06","static website response","weekly","public"
"dist/assets/media/coming-c3df0ce0.webp","31644","cedee363892be888172014b02f7d412157d9ff1dedcf5d54ed3af849c3038ecd","static website response","weekly","public"
"dist/assets/media/construction-022f1418.svg","5169","ef16338092b61d5d560eb3249a5fd70b57f1b000a235d7a915c416794776a354","static website response","weekly","public"
"dist/assets/media/ct-07-83aecc11.webp","29354","b18fd9bc417e64fda4b6fae55f4f5b238fd3b85dbff556269f0d8de613260e74","static website response","weekly","public"
"dist/assets/media/ct-08-a16e9952.webp","29564","4a9debd01c321466684499f5afbe69d5e33667c9c25ea20739ccba09531ee46b","static website response","weekly","public"
"dist/assets/media/ctform-c69d2da4.png","1440","211650c31391e3f0e29182167c3cd7369fed96ef151049766ca0cfacfc3670b6","static website response","weekly","public"
"dist/assets/media/detailed-kitchen-cleaning-kl-67669628.jpg","185483","26383833a26b03997afd7a637346db191d98029b8938d4b7c5a07101e1060808","static website response","weekly","public"
"dist/assets/media/faq1-7160bab8.webp","30166","7ffc606953131e28b1bf878162f936a7eb5416a7c298965747cdbebaf3a1b23a","static website response","weekly","public"
"dist/assets/media/flooring-roofing-9dcca723.svg","3390","4298724eee0cbef66283fdd354b89663cef50b5faa66cbf352c20a8bba38a708","static website response","weekly","public"
"dist/assets/media/footer1-9fb15a1c.webp","60678","c6fcab2e895f425dec5ca21e4368bf30ba4521e7bee1859f03948726609b87b5","static website response","weekly","public"
"dist/assets/media/history1-250x359-b967ef1c.jpg","14563","c092e8246ddd700c2f027cd5db396bdcae9a16aae3b6fbb64e100fdcdd5cba30","static website response","weekly","public"
"dist/assets/media/history2-496x262-96c3efd6.jpg","40738","1f13727d7618753ab7fd44ab4181c4e2ec5914cf2dc221a1091e061ca4302cf4","static website response","weekly","public"
"dist/assets/media/history3-496x262-4366369f.jpg","23112","3af3cfb060b44dd61da49b318f6e3495f8b2586c2f0a48c560da561b62ba31d3","static website response","weekly","public"
"dist/assets/media/history4-496x262-8f6734ff.jpg","35612","e4e054f6bc1cb5cbf77d70b5fe23b4caf6d172d08d0dd4fe3015b83b555155ff","static website response","weekly","public"
"dist/assets/media/history5-496x262-47b33ad3.jpg","26912","3081d5cd70726ce05ba48f23e61ac33150ad42e76e2836ef3450cd04fa22046e","static website response","weekly","public"
"dist/assets/media/history6-496x262-54fc2710.jpg","13053","c531a667048bf6adf63ae73a8ce27bacb6e0eb24a03d23e947767b662ff00a88","static website response","weekly","public"
"dist/assets/media/history7-496x262-c1c477e0.jpg","33723","0abf2a8d809fc0ba0bf592bb9c7828eb1523184e7787f3288c8261cc11c1005f","static website response","weekly","public"
"dist/assets/media/history8-496x262-2d809f9d.jpg","17385","0ef7302b0b4daf8e27cf6bf972c7d2d9c1e8f04fe8255406e696cd9f4d9fb9e7","static website response","weekly","public"
"dist/assets/media/home-10-ld-fb18d8d6.webp","83276","bb69745e27e75a6b31df36423730116ab9e1d70411462c5d35a99466762e454f","static website response","weekly","public"
"dist/assets/media/home-parner1-6d05de8b.webp","13416","8ba163c387a3bb121a781531745daeb8e89d3f7d4a5ea4a9c62c58a3297d76cf","static website response","weekly","public"
"dist/assets/media/home-parner2-7e071c99.webp","23494","18a1039b5811d4596bb5803f9084f72c6d53a76c43ea6e24f3c2a7f6705ced48","static website response","weekly","public"
"dist/assets/media/home-parner3-d0356876.webp","13246","92cab3c869f58546551c98f2d6aca85f68b0ba4fe0613f84ab9942a83c5af345","static website response","weekly","public"
"dist/assets/media/home-parner4-6e78fd3b.webp","8734","a3658734d809a30c664b0d64536854866f493fad83e9501fd602f9ef1eef7c8e","static website response","weekly","public"
"dist/assets/media/home-parner5-fa893969.webp","15784","959e8ee479ee6b38f2a53072c4331a67ea5aafd658fac89cdbdb26913dc46545","static website response","weekly","public"
"dist/assets/media/home1-img04-6e5fadeb.webp","95686","00fa89d982124557500396ea5d7336658b91e882aea7ad631381065a73cd6dcd","static website response","weekly","public"
"dist/assets/media/home1-img06-cb9dc1a5.webp","13244","d5be2d8e55fd647099fc78e146e91ed0e8ffbc925e0097422bdc1012e81c6a54","static website response","weekly","public"
"dist/assets/media/home1-step1-614x535-e708c872.webp","31464","d78ffe3b984ae377bc568ea17ef971361f522a6079f7d93406541cfef6eb6106","static website response","weekly","public"
"dist/assets/media/home1-step1-b7a38650.webp","39392","9523fbd5cbd4ae44dd6457d624bc75d6699c455404ef8816460cff5868bf65ea","static website response","weekly","public"
"dist/assets/media/home1-testi-logo-04fe324b.png","492","74f62b73b931f87a8e80ed8492ae6db5be6b9e958d92a45752686d5f082a6dbc","static website response","weekly","public"
"dist/assets/media/home1-testi2-ae89a7e6.webp","6720","0cf2c56d48890e656bcfd84fb937ae8a8bc1c6e86314d9320851fb34020260d9","static website response","weekly","public"
"dist/assets/media/home2-img1-2a7be032.webp","200368","da16266c529fb174ee47b219f8ce049374c9f8a2e3e44f40c2e78591afc6141e","static website response","weekly","public"
"dist/assets/media/home2-img3-9ee53e04.webp","56788","f61cde61db53ea3f210410f6dd6d5f89b9f8e2cf988b5f5e554de22ca56928a5","static website response","weekly","public"
"dist/assets/media/home2-img4-f49e4f8f.webp","77984","94360d6caeeed5f81272ef257f120b44b78b4c476dc4ca0073838403020cd281","static website response","weekly","public"
"dist/assets/media/home2-parner1-51f2ffaf.webp","3604","51cb286fcd6503ae5070974ea4ab5ef61993b5f00b282f6d9e2f9d1eb44e60e0","static website response","weekly","public"
"dist/assets/media/home2-parner2-e1aa4877.webp","3342","2659c02dd9b7cbfbefdac291ea68f050345b09fcfa72f1b6446646c141d7f37c","static website response","weekly","public"
"dist/assets/media/home2-parner3-80c22830.webp","4528","02d47197fa7e1b03f4dfc1ed9f33150dd425caf3692234bb7e3663a450129a49","static website response","weekly","public"
"dist/assets/media/home2-parner4-fea49079.webp","2958","3284b46fcf10b9ee7c8e809498b849b7f55a32f5a20055dafa0c9d20d84c4895","static website response","weekly","public"
"dist/assets/media/home2-parner5-cf14e983.webp","3544","15f4bfa6d0af55527e7f09eaaf6182fd8184ea2f907a305fbff4bf32d74ce0cb","static website response","weekly","public"
"dist/assets/media/home2-parner6-060fbcd9.webp","3214","4f9f6f20375ee3ae89be959a6c9810dc5fe324c64c88ee62b87bdd762f839d01","static website response","weekly","public"
"dist/assets/media/home2-shape1-86fca007.webp","47310","6403f80e232907fded0b58dd3c700982347042e22c09bde509f8d0376c8c5f1c","static website response","weekly","public"
"dist/assets/media/home2-slide2-57edae8c.webp","246874","2ce276cd65316385d5a8847c33e90a750806e51ccd99e2e9abd30ba5a712a64c","static website response","weekly","public"
"dist/assets/media/home2-slide3-107c29c5.webp","279776","04e40438a157d90bca972f8cc127a27706af0aa457bc61f18ce8a7103438c206","static website response","weekly","public"
"dist/assets/media/home3-img3-577ace04.webp","153578","4d749aff8f686e7a5f0bedb2d955999a3568c408fc6d6c2d8729c5df1b25586c","static website response","weekly","public"
"dist/assets/media/home3-img4-cbcb4df1.webp","30046","ebb184e00829c4b81dd36719597a63e730e936057ddcf0923a13e24b7c0b6603","static website response","weekly","public"
"dist/assets/media/home3-shape1-2576d7cc.webp","30976","eafcb953a858c5d618573e14e8e6960fe17ebf4e2b57a7022b7af861ad2676e2","static website response","weekly","public"
"dist/assets/media/home4-im65-0aeb5385.webp","19836","7e442339d5fe6e2f2e7ae9cfacadbd2f41a5fdc8fb668994f28d28e1ed4f6c6f","static website response","weekly","public"
"dist/assets/media/home4-img1-f6ca6259.webp","50210","45f19aee424aba8410437d591063d9d83656818c58a2a15bf16d393ecf6cde7b","static website response","weekly","public"
"dist/assets/media/home4-img2-71616ad2.webp","48830","297cde14cf8e33f5e2dd815556c5ad2719c00b6adf6c6403a7d08262a10663fb","static website response","weekly","public"
"dist/assets/media/home4-img4-219d1597.webp","92584","99b3474fc8b33165fba6aaba779137a4a45390b1b4b140e6ed6613e5b46fe0d4","static website response","weekly","public"
"dist/assets/media/home4-img5-01fc217e.webp","71870","c6d5840b540f379cd7f2bf87ab87de41a32a46c56e5fe236d1ade0ae6c36ffb1","static website response","weekly","public"
"dist/assets/media/home5-img-vision1-43cefa42.webp","62374","6af901f9dbb66244c80680df21f9cc6e86a75ed38cd39b2d288de482bc89a29f","static website response","weekly","public"
"dist/assets/media/home5-img1-5086b860.webp","437658","56f24cd49ae1154db8bfc19622a1bed1447e8b9b1b0ffc49127f4aac06d9b0dc","static website response","weekly","public"
"dist/assets/media/home5-img1-865f2ac1.webp","23010","a842d6578a7e499b639e86994d46b12bd30416303814088980b58c31cc74346c","static website response","weekly","public"
"dist/assets/media/home5-img2-0ccddaa9.webp","358828","42fa6e07f11c7385718a3ef7c129d44553a7d47c9f2e885f4342a4f171c18097","static website response","weekly","public"
"dist/assets/media/home5-img3-14b2757b.webp","400146","3b0df2abc9d0f6d1766a20784cd703454823f319cd1f7c2adb6a707212d845c9","static website response","weekly","public"
"dist/assets/media/home5-img7-aea4a57b.webp","20240","6f3989fa6bcfb1c1ec38e305cc7683fe0628ad39e9f39a457e7f82346752f2ff","static website response","weekly","public"
"dist/assets/media/home6-bg-04-2008c412.png","13485","f3e082ef660eddc1a4892f1c46cd3f0de835a730d9f4aede280dbf2e6d8afc9e","static website response","weekly","public"
"dist/assets/media/home6-img-0001-cb2cda20.webp","81120","1e25c7f06f6097c3273cf9112144ee5dbfe5724a6a9b5fc7afd371323d1da0be","static website response","weekly","public"
"dist/assets/media/home6-img-001-4242960a.webp","43102","7f16e8cbf8cad13858a719cadc93fdaa9cbba0329b67b36d842b89884697e0ea","static website response","weekly","public"
"dist/assets/media/home7-img1-wordpress.webp","133890","14e69d4ddab6c364ee42beb3fc666fd2476f480f51996f85dc56b022fe94c0aa","static website response","weekly","public"
"dist/assets/media/home7-img2-c065a5db.webp","64402","277b9ef63e739ca049ce533a8b0460dffbf0d9ba68b4bdd8b794cb1b381c3a7c","static website response","weekly","public"
"dist/assets/media/home7-img4-ea22da60.webp","33562","24744f7738079e9e526b0a01e33971db04ad583ec3197d62e1b26cddc90af7b0","static website response","weekly","public"
"dist/assets/media/home7-img6-61ed561b.webp","56494","e6db589f1e4f2aed22c2fd647f6465c7e8c9c276803aa2d58e5aaa7f4c80510a","static website response","weekly","public"
"dist/assets/media/home7-img7-f8f5cbc2.webp","35472","798de7b795c50b71558ea3de0213383bd0cdeaadb7fed4b44d2e5c74742dd8af","static website response","weekly","public"
"dist/assets/media/home7-img8-wordpress.webp","127720","8f6ba42e580bddc5d8831e7eb6e88603dfada2f38c730007807abebfbc555dd6","static website response","weekly","public"
"dist/assets/media/home7-parner1-96e1360a.webp","886","379753f6009200458d14abad03d92013629691ff559eba80f2cf3e0b49291b08","static website response","weekly","public"
"dist/assets/media/home7-parner2-5159f29c.webp","862","113e2014f2539379035f797f357d2ca83d3f9e07dc964e6f536315d7f757f093","static website response","weekly","public"
"dist/assets/media/home7-parner3-d2fae037.webp","844","c90f5f26f329414fd522a0f07bf581cc5d8b75e4061a8bec02740fc1ef4965bf","static website response","weekly","public"
"dist/assets/media/home8-895b377a.webp","78640","da0fceee9e966a8080bbcfd4f60e54daa62107c755d7e90bbdf932bc2fbed118","static website response","weekly","public"
"dist/assets/media/home8-client1-1-870fbc37.webp","2930","9f29eaa1941d8c9bf6811fe5fb646568c79a330221a010ab944bd3c8ca5c72bf","static website response","weekly","public"
"dist/assets/media/home8-client1-4c6fdb18.webp","1466","652154e9d25ff85302f4de3301772271320fb055b9d34f314e8d6b996482b8da","static website response","weekly","public"
"dist/assets/media/home8-client2-1-9f2aefa4.webp","2344","bd4e611d65b0f58aec0caa0ebf21f3b05cf051502b08de10a5b6d26c171bab2b","static website response","weekly","public"
"dist/assets/media/home8-client2-9741ef08.webp","1234","4d7ae8a767e738ca1bb6f8ab6f395bd34576fe4e1e75c7370e02b032e12cee07","static website response","weekly","public"
"dist/assets/media/home8-client3-1-d52aae1b.webp","2420","3742fe668e9c6ddac0fb402ffffc71a600903ff4e5747bcaafad96ebab91ebe3","static website response","weekly","public"
"dist/assets/media/home8-client3-dd7c2c38.webp","1332","397eedda1ae866847c0da76301c152fad14c8e29345360dabfbe64b26fe2b119","static website response","weekly","public"
"dist/assets/media/home8-client4-1-ed76e3f3.webp","2660","b9b3f68c6b6f1288825730ad422cac6748143b473368eb04a63b421086d0b8c6","static website response","weekly","public"
"dist/assets/media/home8-client4-c66e422d.webp","1428","3a9c121639387cfbf927eeb4726de5bd8a4b416f196483cf7c71abe28ac41e32","static website response","weekly","public"
"dist/assets/media/home8-client5-1-67d7475f.webp","2394","aeb0c6a50337a26519c78a5b0476a698f38b9ba73d89c936ce2faba13ca2b618","static website response","weekly","public"
"dist/assets/media/home8-client5-d39fadc6.webp","1286","76dd24f75f0708ea221dbaeb4d9af1c47882d6d6116b3d7ae3e61fc2c95ea7cc","static website response","weekly","public"
"dist/assets/media/home9-02-6f10da57.webp","53100","f14d49273a7a016d07726a1683c301b454ebd16577b36edb97f14b53909c122d","static website response","weekly","public"
"dist/assets/media/lad01-f88db169.webp","88992","3bbaa3f83b9a156324b0feff7bf57b50d512ab107693686c3a93d6478fedaf3a","static website response","weekly","public"
"dist/assets/media/lad2-ed3ffe91.webp","102158","bad88092ca9c15f1081c521fbf8adafeb16f3c572b0c94426d3ecedb479051d9","static website response","weekly","public"
"dist/assets/media/lad3-57dbcf58.webp","103138","2ad6e3148398ef8d5ff8b32bc4d9303762c8c3e31a2049f234a790b646a23596","static website response","weekly","public"
"dist/assets/media/lad4-ec36a07b.webp","102416","43e847cb7f175e6224a21421e632008ac0ac0180c1bc940ad6940afb934b90fa","static website response","weekly","public"
"dist/assets/media/lad5-847ba299.webp","123142","bc6f511d8eb7d08d328a565e32bf99b16dc45ef132b06131655c09c781200952","static website response","weekly","public"
"dist/assets/media/lad6-4a7086d7.webp","88028","ed4d2feb9c4e572b4bae763f1994f56f22de746a8c02e35e780c23c45d6dfec9","static website response","weekly","public"
"dist/assets/media/landing-123-48b2da51.webp","19056","32ce15b998c028c3046ec95de056ed7f5ca235caf1f961571084ee080a7e5058","static website response","weekly","public"
"dist/assets/media/landing-img10-de1a0976.webp","1336","b55b149ba5d57fcb725b9b5247eb90804cc07625ad894a3ea99872367df41b44","static website response","weekly","public"
"dist/assets/media/landing-img13-fb30856c.webp","5250","adf8ebe78c79f933462a3824ac2ddebcfe09e6d9183aa08daf2cb63875e6dbdc","static website response","weekly","public"
"dist/assets/media/landing-img14-b12b278c.webp","4974","c6fc8234cb1d06a94d8eee8838989fe831ef20b32705b6d7e8d7a5391109a3af","static website response","weekly","public"
"dist/assets/media/landing-img15-dde8e9f6.webp","2872","4d2384c9a558892d89b31fb4571af969a70d362df1704e36a2ec5465dcef3e3e","static website response","weekly","public"
"dist/assets/media/landing-img16-4a27e5f0.webp","21418","df205e93060a44aedf26eeac4bdac02646c531bb10428f3bb7b8a664eebafce3","static website response","weekly","public"
"dist/assets/media/landing-img17-a67239b2.webp","22918","f64e2a248866ece58a755b8f4be59b9c44b849f494f7c4c09850241780cb6873","static website response","weekly","public"
"dist/assets/media/landing-img18-cd9c6d00.webp","12434","14f0efe7688eb2659fe9270e69f39d5c8f27dd25946c11c4318665641c47d52b","static website response","weekly","public"
"dist/assets/media/landing-img19-d1e299fe.webp","2926","6a0be8aa6050530da0bd9ef8a12243601b675b3cfebe27be9f80e56e5dafb034","static website response","weekly","public"
"dist/assets/media/landing-img4-8fc00f7c.webp","28152","b91e43b1768bf12ea2e8bf924e81d88dcc372bf3083d0a1750808bd036a27970","static website response","weekly","public"
"dist/assets/media/landing-img5-4b1596a4.webp","26654","cbeacaa2431d08a0bdeceb9f9bf3a43ef890a05e6ad2cebc8fd6f701c6db289a","static website response","weekly","public"
"dist/assets/media/landing-img6-ed0d09c4.webp","1636","a28d96a12f7b465c5827f940468e1711581c3cdd09858b16249c039bd786052b","static website response","weekly","public"
"dist/assets/media/landing-img8-afa35d3a.webp","836","0f5e357c48413cda25406c4f3e2abd07279ede5296fa2ae98a455b95476203f4","static website response","weekly","public"
"dist/assets/media/landing-img9-2d158a3f.webp","1414","c21e87db5650d4bb012aa973c5e32d62ad392673e3829dde1ab93f5918f1d5d4","static website response","weekly","public"
"dist/assets/media/landing-inner1-5c769501.webp","54582","9bdefa7cbc81ce638be17dc8bcce893e41869f4113fb0e2af79d6530de1ad777","static website response","weekly","public"
"dist/assets/media/landing-inner2-b4647bf2.webp","51838","acced8df017940b176fd1264c11774a0df7635a9e948efa53a206e9b12f056e0","static website response","weekly","public"
"dist/assets/media/landing-inner3-762b8c1b.webp","59998","305da0072a3d0debe897c6444fcb82ff529cfaf0891b8f7631f99eb45a70c6e9","static website response","weekly","public"
"dist/assets/media/landing-inner4-25b3d119.webp","35782","589d13f969e1811259f9788db0d12bc82952b10c31e348967beac28787883b80","static website response","weekly","public"
"dist/assets/media/landing-inner5-cd4e70fa.webp","46276","011a75d87d625a4e5f24e7064f4acab5ed5e3484cc4c987dc00a9b7a44e8c207","static website response","weekly","public"
"dist/assets/media/landing2-6650188e.webp","55914","be8113de8e43e35366d0cd24c294e35d53d8f7451a07c3af2f6cc8b32386021d","static website response","weekly","public"
"dist/assets/media/landing3-ed6ff3a9.webp","22252","d754304e96544836111bb8823efb6c39ff7287e8c0af9c4a130534f9c9bc1bb5","static website response","weekly","public"
"dist/assets/media/logo-home1-a0e74c8c.png","1148","128e45975396c365dc924eb1a6eaaae15c15edffca232f538b0570a5a21e48c4","static website response","weekly","public"
"dist/assets/media/logo-iocn-6f17c44e.png","1534","9cb005f098ac7a58c6202e77c138cd19da164cffab472ff00d1baa3ae506caaa","static website response","weekly","public"
"dist/assets/media/luxurious-modern-building-wordpress.jpg","149955","e8ea6f832650d3b8d2cc1e09a52cd08e3f39d513875aab7358085a0c5e8d0efc","static website response","weekly","public"
"dist/assets/media/modern-51379dd7.svg","5967","a945f6efb95f3352852c76b78d9fbc95cad27324d7fb4d33493de1f71248d903","static website response","weekly","public"
"dist/assets/media/modern-construction-services-wordpress.jpg","178450","505496809ed2b72a82352aa331c382f3011ad8608e822cf6d595bba4063a5876","static website response","weekly","public"
"dist/assets/media/noise-f4d2cae7.png","5990","70bf006aa86811e1f2bbe2743046bcedca07f5ef69e6c617dc97a45184560d17","static website response","weekly","public"
"dist/assets/media/owner/rk-reno-aircond-indoor-unit-service-access-480.webp","5074","b9d561dfd1c62a4f15df9b28b5cd0ac12b859eb51f7f98942a24eba970ec49a0","static website response","weekly","public"
"dist/assets/media/owner/rk-reno-aircond-indoor-unit-service-access-960.webp","13096","ee6d53857588344c729c3e973887b051a245b20482294ec24bd01d868b0dd370","static website response","weekly","public"
"dist/assets/media/owner/rk-reno-aircond-outdoor-condenser-480.webp","70292","21b662433e48c3eaa4b1e2c287400e23a0010ee461eaa882c13901b10939ba59","static website response","weekly","public"
"dist/assets/media/owner/rk-reno-aircond-outdoor-condenser-720.webp","128260","75209ef21b37e028ef1a28597c32a4bdd27ecbcc6bf1f80eca8fff86fdc421f3","static website response","weekly","public"
"dist/assets/media/owner/rk-reno-aircond-unit-trunking-480.webp","4086","2dcafb4a730d66c61d73c46196e29884b5a7b02ef273fd379d6b5f35135d0bea","static website response","weekly","public"
"dist/assets/media/owner/rk-reno-aircond-unit-trunking-960.webp","10012","c6c8009f78b800bb6aa787acd4d10c6a142fa566a0697021ebb9f0897adf45eb","static website response","weekly","public"
"dist/assets/media/owner/rk-reno-wall-mounted-aircond-unit-480.webp","4150","deb175bf1848e09fe17fb68396df6dbb834a6018da48ff0537732343c88ad087","static website response","weekly","public"
"dist/assets/media/owner/rk-reno-wall-mounted-aircond-unit-960.webp","10572","1fd49b37f82c38eef874a2408ab3418d391d01d47ba58f15d0c73995d14ff8b6","static website response","weekly","public"
"dist/assets/media/pagtitle1.webp","108738","840d1e75fca7764bd9aab890429d78c3311d8c1e96ccdd69789a04c68e9e3102","static website response","weekly","public"
"dist/assets/media/parner1-a914b58c.png","807","49de511686d1628a6a024a5549d79732b808ab35fdf95c9d4ac81fc14d80bd80","static website response","weekly","public"
"dist/assets/media/parner2-cae87746.png","1117","743cdeed3bca50ec6f12710c0947e28e6d1d16b47fb66b690638473062b819fc","static website response","weekly","public"
"dist/assets/media/parner3-d23cfb1a.png","1277","172e74caec0f4b34200ab174da7088c39d77caad632ac175c233a90e79dd0f95","static website response","weekly","public"
"dist/assets/media/parner4-d301f7e9.png","731","bf41a72f92841449ba109c6bf852b75aa271608d685bc32660bfaf2f8062199b","static website response","weekly","public"
"dist/assets/media/parner5-8fe0e357.png","1601","8409620efd4eff67a529408439103f87349e47605f8eced834cbcbb9f1ed0158","static website response","weekly","public"
"dist/assets/media/parner6-ccb92374.png","961","f7754bf8562d38d1b9561cb3f9fd889f0ab3a63a045d8c4e92d64b7af5cde28f","static website response","weekly","public"
"dist/assets/media/portfolio-0001-1168x559-9ad8312a.webp","40678","5ebadf84f3c142b2c90b1272576399e1e3241e2336f63e71ca4f43b31ca22f7d","static website response","weekly","public"
"dist/assets/media/portfolio-0001-709x709-80c6ea9c.webp","22874","069cdc56935f89364891403e73f4654a0333a4483af84031cf975458a1dc76cb","static website response","weekly","public"
"dist/assets/media/portfolio-0001-777x606-cfc3e188.webp","26280","8490ecbfaf63ce28e8e11943de411861e3a2b0d4bfe1bebb5c154df52c9fc0fd","static website response","weekly","public"
"dist/assets/media/portfolio-0001-938x524-6954f3d8.webp","29316","626153d017feb79bcdb67b6c854c8c92c1bcc61ee41c992a344b69843cfc0977","static website response","weekly","public"
"dist/assets/media/portfolio-0002-1144x581-3da4858c.webp","88028","f908ba1befb581d9a26fe6a672d8b81a4217ec7285e4e98b0ce823bb15500b64","static website response","weekly","public"
"dist/assets/media/portfolio-0002-767x746-54c3260e.webp","67768","c1a1ee6c5ec9147978f9cae63aa0256f1802e38c0bc3a74a185235be1edc2610","static website response","weekly","public"
"dist/assets/media/portfolio-0002-767x767-aff06a1a.webp","69112","59729ff647ffc97d8d7fd9eeca58c9b4dbc2245a3eb4216d34dc789257590cac","static website response","weekly","public"
"dist/assets/media/portfolio-0002-853x524-714dd227.webp","62988","9db7e9ded988b03b001ddbd57565a7c44c8bd8015c19cd52915e7b83720423d9","static website response","weekly","public"
"dist/assets/media/portfolio-0003-1144x581-919cbc49.webp","80222","6b4cbdce876983018aa83fc3444495d7b45d4967ed2d21d1d618882ab742a568","static website response","weekly","public"
"dist/assets/media/portfolio-0003-767x767-90f002e0.webp","58110","7412ddc13196e2c6059b6c8c20cbfb05a48b7a6504db81228ddbfdedb9be6a78","static website response","weekly","public"
"dist/assets/media/portfolio-0003-853x524-fc0288ca.webp","55682","0fd714d028a684371f60d73c157a3a3a6ebb95019c755168d0f681a7b54ddc3a","static website response","weekly","public"
"dist/assets/media/portfolio-0004-1144x581-ec42cc74.webp","15234","ae8f997cd58c4935af30d965ea7f9f05bda6dd2ebe727bd06c96667365c15613","static website response","weekly","public"
"dist/assets/media/portfolio-0004-767x746-af1b1fe7.webp","13910","e335525a930d5deb2b57b332827fee963287d79e82e569942ddf938d033bf3e6","static website response","weekly","public"
"dist/assets/media/portfolio-0004-767x767-bce62a6c.webp","13898","ef1d6ae7b59f21c11ae15caa0f481c31ae9d9c80ac68a2c5a6490417ec0de77d","static website response","weekly","public"
"dist/assets/media/portfolio-0004-777x606-99f67a64.webp","13130","603f93c08afe46628427cb74f79fd6189f84930ecd00ded59b9e526d59fd391a","static website response","weekly","public"
"dist/assets/media/portfolio-0004-853x524-32b0d213.webp","12606","eed98f9d84c869dc2fe065b6b73aeb818a062237a4e83b88eba349c2c6d9aed7","static website response","weekly","public"
"dist/assets/media/portfolio-0005-1144x581-b9f5c23f.webp","73006","edf4c084cf11393946de0dc26b0e096cdb0521abec987748bd9721e07853be8d","static website response","weekly","public"
"dist/assets/media/portfolio-0005-767x746-e6abbcf9.webp","62726","e0108c83a5df38937ea4640f9d6a4e884945eefcf3b7401a5912f11d62a0d42b","static website response","weekly","public"
"dist/assets/media/portfolio-0005-767x767-b62c46c3.webp","62594","4a8ada6d5345d2559edf9bbfa4db75f86cfcb669a11d130e5373c631d87e616c","static website response","weekly","public"
"dist/assets/media/portfolio-0005-853x524-127cf9fd.webp","54972","f32e39c89e513372930a2d84c353ae1ed054b439b93d8877ca3bf4c8ace614e5","static website response","weekly","public"
"dist/assets/media/portfolio-0006-1144x581-aa4b3fe7.webp","108408","724912c12fcb16d476b07c8900bea2dc070213376318b7c77410df5c8916e245","static website response","weekly","public"
"dist/assets/media/portfolio-0006-767x746-386eb83c.webp","85166","80926013a61ade268a0086a0cd12ab16c97203969406c298e4347ac7cf675a09","static website response","weekly","public"
"dist/assets/media/portfolio-0006-767x767-1e07cbd4.webp","86526","7f703b7832237dfd5baba9ca7cce8ac69970a10658651211a2058e182735f6bf","static website response","weekly","public"
"dist/assets/media/portfolio-0006-853x524-43339da0.webp","79876","bae7d2d502689619051dd4d0315926c1c6d6dc60e0585cc4c37ab2a6eccb92eb","static website response","weekly","public"
"dist/assets/media/portfolio-0007-1144x581-4a7fc99a.webp","78652","fd9d1f6a7e94b331376531cdebf7419df27c6c29d4e29fe6d5633e467b8fd06a","static website response","weekly","public"
"dist/assets/media/portfolio-0007-767x746-beb659f4.webp","84896","f33b2f234d56f9d50605cbfdff25921efbdb129a77d32e303a76bde639eb5319","static website response","weekly","public"
"dist/assets/media/portfolio-0007-767x767-1e906bdc.webp","86602","f2a2c81c31752c7b49e8f277c23859a3df0d3d0d926187c9865ffb430f6e0c03","static website response","weekly","public"
"dist/assets/media/portfolio-0007-853x524-a3c89cdd.webp","60228","cbef3a1e58323d670b2bb1e6d4ac4cbcae7aece32d1cda0237b5a50e19d0e8aa","static website response","weekly","public"
"dist/assets/media/post4-767x443-92a3e3e9.webp","80434","2859ae0b69a3ecfd476c99800cf211dba06030565be4a25dd684747b31dac537","static website response","weekly","public"
"dist/assets/media/project-banner-1-e17c095d.webp","3344","c123ff63adc2fc04e386e1fe302fd3ee76b5f8b7578842e2a3e0671e348a53e8","static website response","weekly","public"
"dist/assets/media/project1-1168x559-837620e7.webp","34684","af6d20b1c9e6cea8cbd7a2ee8dad2b9f1c8630e902bc227fa1928bca7fd4d2c2","static website response","weekly","public"
"dist/assets/media/project1-709x709-b3b4159a.webp","21444","fb727d282e3eac0b76a857753683b845823a79f2ae6138babde4f82b0ddc9090","static website response","weekly","public"
"dist/assets/media/project1-767x746-15cda61b.webp","23402","e9480258e141a6d9591c3d2d91c0bf4697e94daf8e80c539574aa179ad30f5ff","static website response","weekly","public"
"dist/assets/media/project1-826x657-e6540bfa.webp","25480","277621e4ab172f3132feeed0d0994eb0c4f427ae2dabdbbfb63bcb0ab8e62f49","static website response","weekly","public"
"dist/assets/media/project1-938x524-9ba50ce4.webp","24240","a9147d7884ab9af527bcb189084a491dd3ddf542426cde863f9251585f48b0e5","static website response","weekly","public"
"dist/assets/media/project2-1168x559-d1f38c7f.webp","60460","194a52a94661353764d3569174ae5db8ad90b1b41e583dfcbd55c570a78e4ec5","static website response","weekly","public"
"dist/assets/media/project2-5d353c79.webp","89648","64c2e64ea8d1b55a9ab0672df94298b6baea3dce3fa2e44354075f517bbea928","static website response","weekly","public"
"dist/assets/media/project2-767x746-0433fdda.webp","44174","e55219538e4e269345b32cdb8f814518a102a3b4c276881db0a205e159143d48","static website response","weekly","public"
"dist/assets/media/project2-826x657-475dd62d.webp","46272","5181941d379e10b2761b06ae1dea4525f8b5adb368fa900745362e38237c311a","static website response","weekly","public"
"dist/assets/media/project2-938x524-c6b7a8b9.webp","40418","8aa31e4b61d4c547a00af0faedb5aa4c2b8cbca3c503c39193b9b5e4e05e4452","static website response","weekly","public"
"dist/assets/media/project3-3-1196x559-3ab075cf.webp","35424","13e34b7f50c0ed4a74f6143f8af1175a45d9492667647c6b5abbcce9bb9f7ab6","static website response","weekly","public"
"dist/assets/media/project3-3-767x746-2ef8137d.webp","28286","eaf64f960cd2fe1d29e7c2382c1423ef225b8ba6dc019d03efa87ddb938bbf39","static website response","weekly","public"
"dist/assets/media/project3-3-777x606-8956849d.webp","26970","777c1d170743d8c62a4ac9a0d2c95cb57d873d52cf2a31b131363abc86064e76","static website response","weekly","public"
"dist/assets/media/project3-3-938x524-fa186965.webp","29338","df2aeab831c1d81d891313f3ea3eff56b8ecd23a9a55cc7c205b54f14b2224b7","static website response","weekly","public"
"dist/assets/media/project4-1168x559-ac9d0a3a.webp","49286","bed94a0b6b9ee1ae968c2278be8ab6b4cdc731238fc2970057f97d6c089c6585","static website response","weekly","public"
"dist/assets/media/project4-767x746-4dc120a0.webp","36718","61dac59442ee9f6df32ff550285c70a2ea4cdbb395468420f876568413763ff7","static website response","weekly","public"
"dist/assets/media/project4-777x606-d7d3b569.webp","31360","1303de0345b9cef916ec0d20b2503ed670f60654b7874021273f3a0125c40609","static website response","weekly","public"
"dist/assets/media/project4-826x657-af8d4cb2.webp","35658","0c139021036de9b7953e80b5e62c0202ff6f56696ffc68fe1d90508677256434","static website response","weekly","public"
"dist/assets/media/project4-938x524-3dfb3c4d.webp","30742","8389ba5ec6982db9f2b92c3c4f599c6ca01a85dfa8cda8bc6c7573dea9671ff5","static website response","weekly","public"
"dist/assets/media/project5-04c9e7c4.webp","172778","afeaf9a4650fa65a927241cc4909c955bef8be797825545b66cec0d8433b4f77","static website response","weekly","public"
"dist/assets/media/project5-767x746-5fe5e191.webp","86914","cd7fbd9cd0c3dcf92a9d582f6fac6c9156b9e81aaac1e2945cb1e537fbd24a51","static website response","weekly","public"
"dist/assets/media/project5-777x606-b54d3855.webp","74864","98307129b27b5d1e37968e8fb693e1cb6fe29cd5e1f9a7f7b40c1ed293d5633c","static website response","weekly","public"
"dist/assets/media/project5-826x657-f3585fe8.webp","86454","0eeeb7df3126b2ff127316ba177a9aa8344238a3f620c4fa99c6bc8c63172d8d","static website response","weekly","public"
"dist/assets/media/project6-767x746-19750b0d.webp","63788","179b714967c3d31c9dc1a7c537c8d4d5cf249ab0de6aff6312a8ee06e5897a59","static website response","weekly","public"
"dist/assets/media/project6-777x606-40223ab6.webp","54500","c470e8230332db843ced045b6eefd88076897ba26c34e35d99740526d2d2eac4","static website response","weekly","public"
"dist/assets/media/project6-826x657-803be195.webp","62046","dff0086d4943278e267cb1bc71e0c5276875f2f86223000d8416d59a819b0f71","static website response","weekly","public"
"dist/assets/media/project7-767x746-1be1772e.webp","92764","fd4f8b095f95cc6c4049ab06ff08df66cbb7c5d25b65cb7995a1b9db9f07d905","static website response","weekly","public"
"dist/assets/media/project7-767x767-3cd7ace0.webp","93526","01c23e870a8baedce27d3438a69c557482822088eb19cf2eaa814de2abd768a2","static website response","weekly","public"
"dist/assets/media/project7-777x606-7b1e2c98.webp","75970","17055b95d1933ffc52b131ceb26ce1fee7e1b30bd6dac207efe8b9dea397c661","static website response","weekly","public"
"dist/assets/media/project7-cd2033f5.webp","185820","2a5bba18db5d5b3329ffc9ca6e8d4f6f2ef7cd45d5956b6f6ed4f8a86b56db5b","static website response","weekly","public"
"dist/assets/media/project8-767x746-07b28396.webp","84686","627e75836cbf6278e7d5231651f441ea93642328e9d94663eb08a15d2d7301fe","static website response","weekly","public"
"dist/assets/media/project8-767x767-ab414a14.webp","84818","74bb029a3df4cc450f2f6c2bc62e4d2f5a1efc48fd486a4360798db4e62e37c0","static website response","weekly","public"
"dist/assets/media/project8-777x606-1610ebc7.webp","70994","1b3ef6b0c0ae605085ec480940dc4ed6ea405c2a97f6ae6fa5867144c6c6c7c2","static website response","weekly","public"
"dist/assets/media/project8-87bf59dd.webp","161528","f73ceb0a97b5f80b6bd8ea5bab2e70fa0b49d64c00f06fb74b523c26f45645cf","static website response","weekly","public"
"dist/assets/media/project9-1144x581-d49be51f.webp","60718","ea58ca7c2010fd7d37d24dc24f1740be54fa7c3316d7393d703bee7c1888c125","static website response","weekly","public"
"dist/assets/media/project9-767x746-ec574f35.webp","49956","33bd301193731349a558405238c71d85b058825fff7a40df600c9712dcb7a10f","static website response","weekly","public"
"dist/assets/media/project9-767x767-f4c5eed0.webp","53388","ad98e4ee529cd844e2ab895de66ce2848184cb888e3267d2bb7f1d4602153bb6","static website response","weekly","public"
"dist/assets/media/project9-777x606-e2297fb7.webp","45056","5d6ea17763e4be82e9391fbe4e2e8d84b45be4c9f43b75101df0a34b9e45bfa2","static website response","weekly","public"
"dist/assets/media/service1-569x262-45485e85.webp","14744","8b33fe9a44062e5459b47ad35e5cb2147c4f888dc26c49fcabd846fd29f8bb37","static website response","weekly","public"
"dist/assets/media/service1-726de812.webp","109062","48d02988f80f3fcd6c1671e38b2d11c579eb858bc4ebb7fdb39f533013a05893","static website response","weekly","public"
"dist/assets/media/service1-767x777-3d38c177.webp","48334","4b6376e868ce399761ccbe7a8b7eb0d18d1440284e62571e4fc3a8ed76361705","static website response","weekly","public"
"dist/assets/media/service1-875x1001-6a2b0a4a.webp","66690","7ccaca74766bfbf615e68d6d5594b84d5270060351768fb44eba93716425de23","static website response","weekly","public"
"dist/assets/media/service2-569x262-823cf0ab.webp","28720","2ad11693050790f6a148bb39486ee87ac48126ca2074b8577ebe362ffeed8491","static website response","weekly","public"
"dist/assets/media/service2-614x535-b16d88b7.webp","46672","13c37797a017c83c16ac1d5e10b2714a6493b0fe25eb9beb8ad4e65d3b4b72ff","static website response","weekly","public"
"dist/assets/media/service2-640c9d7f.webp","120940","3857e689481e1f33611c5ee0462f5041a403f1c649e8e48ee6b3ca441b654026","static website response","weekly","public"
"dist/assets/media/service2-767x777-7a3cf1f6.webp","71978","8f7d01c4ba252c20ed9a9f3a3a10c858a97c2d0921b409fd314b9305a6105edd","static website response","weekly","public"
"dist/assets/media/service2-826x657-3c60f1d5.webp","66078","935ce5b24eed8d134543aaf00c010e1f21c3b4271ad6c636226542f47f9af379","static website response","weekly","public"
"dist/assets/media/service2-875x1001-7aa284f9.webp","84894","beaff0999a29e4dea2f75d14c24b50295ba38e3c5ca352fa8fcd5d5f74394a79","static website response","weekly","public"
"dist/assets/media/service3-0621572d.webp","186352","aaa5b5df454a2b05a7949134aa3b1bff81e510735e0790c5125fb7a94bac6825","static website response","weekly","public"
"dist/assets/media/service3-569x262-ef174c9e.webp","27322","82129a7434129b693ec4e59678a2b875fdfcab939393fc5d6f7cb244d5d9db95","static website response","weekly","public"
"dist/assets/media/service3-614x535-221ff0a2.webp","54696","7c3161ddfc464d021b7f75d158a7ef188b2233f6850d62a621f53088ae6a2c30","static website response","weekly","public"
"dist/assets/media/service3-767x777-8e29ed64.webp","91264","2528ef0e486772fc94356c63c4b96d47c46cd5e3cea95281eb5a30b9c14812a8","static website response","weekly","public"
"dist/assets/media/service3-826x657-0becd5fb.webp","82354","0148d993c55b7c36cf48e89696f81ebb37873a72104013061eef6971e11db0b8","static website response","weekly","public"
"dist/assets/media/service3-875x1001-002dcd9d.webp","119842","b01d78eb9078e5621749c566a821ca14972bebd4136183d3799756524dede398","static website response","weekly","public"
"dist/assets/media/service4-569x262-5984ad8b.webp","16204","ce973b2d669eb7be24ed32b8473a733f79e226dd1758c960c784b433a025dd9b","static website response","weekly","public"
"dist/assets/media/service4-767x777-29bd9938.webp","47156","3e5dd66b42d067a0ca01eaf7a452ad873e4c9d2bbacd6529a7bcc4d0143208f9","static website response","weekly","public"
"dist/assets/media/service4-819dae91.webp","82984","c0f21f159202bfeed8f651b9293ef9d6acab6f3e4b8a8aaede5cd683d954f5a9","static website response","weekly","public"
"dist/assets/media/service5-569x262-870ffe8c.webp","27190","6cc27dd0a5dff56acd23571c4959ca0c8fae776bf55cc380e508298258ce4cbf","static website response","weekly","public"
"dist/assets/media/service5-614x535-ed8cea93.webp","49232","e3b9c9607c04c2d443ecc0b5d3467051c30bd28e07b69f4d86a42a5ee43b4ee7","static website response","weekly","public"
"dist/assets/media/service5-767x777-082aaa44.webp","89278","888690f9798308eb4af8e05bfc720557f13871175e0dba6c0f9aac7016a14958","static website response","weekly","public"
"dist/assets/media/service5-826x657-de40a7c0.webp","79872","7649aee61baa931c511f6ae2f938b426fbabdfc0bc17c4cdbad2eb134265ba24","static website response","weekly","public"
"dist/assets/media/service5-875x1001-64b3d0cd.webp","122198","25df95ba704144b97687cd36979f482d90a1944fe80c3a03d5126b82f379e702","static website response","weekly","public"
"dist/assets/media/service5-f4515793.webp","175350","c113b3d38821162ee5e8650ba419e94516f81603c56e607d0a9a3eb365b45c58","static website response","weekly","public"
"dist/assets/media/service6-569x262-1fc7a18e.webp","20606","743df42564202e90e3de86c36c67428b3681b41717af00c68da22e74cc3d86ff","static website response","weekly","public"
"dist/assets/media/service6-767x777-390ab77c.webp","59250","b08c938b0efbbef758e57b4ec52ea1c35d830e69df91cf06d5b13ed282d79b80","static website response","weekly","public"
"dist/assets/media/service6-875x1001-4c09dd68.webp","75924","26e107940e5fd9f4051388f4fa4d6280b4713be2cd2539bb49c8c4fb0b4ceb09","static website response","weekly","public"
"dist/assets/media/service6-93126d7f.webp","107812","ea50b7c2a33fb69dafc74bc0f1ad2d309c85c3b61e49c42b01c906792661fe3c","static website response","weekly","public"
"dist/assets/media/servis-cuci-rumah-kl-2e2d046e.jpg","207843","c1fa16b222fc1aae415154904d2378f75984015cdcf3e5000fadd93970edca10","static website response","weekly","public"
"dist/assets/media/shape-home6-62c55202.png","1263","160450b0768e963c7da0c9dc54993fe6c27df652c7f1d4c1ac41c179bd687b98","static website response","weekly","public"
"dist/assets/media/shape3-7c88a0d6.webp","9758","04e4c833e7ff9ce2542551fbdf53a838ca763153c7808784cb8d72bc4fa5fb8e","static website response","weekly","public"
"dist/assets/media/shape4-ccb7b162.webp","21414","e6062f05750bdabd346113138b255510e2ad5e9ef6df8316ab4e42e341798355","static website response","weekly","public"
"dist/assets/media/shape5-da19df18.webp","8248","3cd03535c7c34325abd915d9e970e7032cfb6d93801c11dce148a41ba81c3ba7","static website response","weekly","public"
"dist/assets/media/shape6-1e0aaacc.webp","8416","d2d85cc29e8eee89002febd854ee4e4b1b48dff3b20d0ca536d4c21845779ddc","static website response","weekly","public"
"dist/assets/media/shape7-5a347795.webp","20702","5f81497f3d8d2061820c06fdab7f612274acc3098e46d2c37d2d4c0bde77dd96","static website response","weekly","public"
"dist/assets/media/shape8-a5139cab.webp","9598","4b478fe1a6f9e2bd8cccf741d6f0f5c3374763e31b40235a399d394273615cf6","static website response","weekly","public"
"dist/assets/media/showcase-h7-1-7771bd63.webp","76946","5f352f69b31aa3ad2ad59d2ecb607ca00f578df6f3655c449eb9aa8f08b7a783","static website response","weekly","public"
"dist/assets/media/slider-position-8d92d5fe.webp","1426","ed695786aa2bd885ee9912cbce13356d2b925492711540682c07c54c97afc1a9","static website response","weekly","public"
"dist/assets/media/slider1-home6-74cc0297.webp","131002","8fe7d641ad7d55cb4b8dff26fe89d42ebfb2a0c62c1cf18662da5b5eeaa0ac34","static website response","weekly","public"
"dist/assets/media/slider2-home6-ce496ef5.webp","200876","8f765225a8530c183dd1857b91589a4829c563511b6ea1bd5248a821c743db5c","static website response","weekly","public"
"dist/assets/media/slider3-home6-13da7d34.webp","86752","7963a861cfb28e37c78df91ecbe7c5f753973d9cc89bedd5d96a10be20f55aa2","static website response","weekly","public"
"dist/assets/media/team1-cbb3cb37.webp","91868","0cfe54379127387b7f7a2b3ecc52bbd3d9524a863fbd4df6fd251cef153a6c83","static website response","weekly","public"
"dist/assets/media/team2-65bcefd3.webp","83322","33858dc3700a832460359f09ecd57c274321b3687f80c78cba501004ba86e04f","static website response","weekly","public"
"dist/assets/media/team3-23f83b0c.webp","84826","0eb9fe4fe88fed455b069800d177820ae44a52f5e87721db7a6ac49d378fb43d","static website response","weekly","public"
"dist/assets/media/team4-34f18fe9.webp","71234","6dfd3dda0105ad0c412da6e55d66f209b365e6c3f2a08972a88cf552f61193d5","static website response","weekly","public"
"dist/assets/media/team5-2b696100.webp","72514","c81106cf39dd9286cb1893085c938acf81db279859eb35edf4cc2f059b510876","static website response","weekly","public"
"dist/assets/media/team6-a9efd0c8.webp","60770","999aec5063f587441da60946d72668e17280e9260f54e04340babe4258191325","static website response","weekly","public"
"dist/assets/media/team7-37da56e1.webp","63860","86e2c5f69ddcb218c548150765c19e0534c962b4c7706e4783f7a338295a2a76","static website response","weekly","public"
"dist/assets/media/team8-dc2c8604.webp","65800","671668bee0782596db1535b2740cd8e243b8eb54b63a47b37c2c80f5da7a747d","static website response","weekly","public"
"dist/assets/media/testi1-355d6f8a.webp","63828","dbd7683dd6324dd8d7e61c99033b9bb5b9d005b44e97804f43eb7dc54e34ddcf","static website response","weekly","public"
"dist/assets/media/testi1-90x90-08db1665.webp","2654","0a6de38b88fabd08ee2a8069830236ae6e4b9b09b573ed17140c5cb2ee25973f","static website response","weekly","public"
"dist/assets/media/testi2-5a7736f8.webp","36930","6add8846eb062a996772c42911d1451a372a059339481932b2276972cab9fc7f","static website response","weekly","public"
"dist/assets/media/testi2-90x90-2a47b015.webp","1788","550908daf66aeaba50cf50d5bc2ac211842c2c4f8ba349f5d5b3f6d2318fe374","static website response","weekly","public"
"dist/assets/media/testi3-25879cc5.webp","25578","9c06a20736945de3cb6b8703291736b1f19c89ea2315cb981b5ca3757f355628","static website response","weekly","public"
"dist/assets/media/testi5-90x90-2806e4ce.webp","1508","c9528693736d9fed59d021b98ccf903763b083cf14a99c8b7587e02516d04090","static website response","weekly","public"
"dist/assets/media/testi6-90x90-1dd91b67.webp","1740","bff0666a8da2194fff8644da40b3ebe86f0455b13f5dbbf0dadb87f10339634a","static website response","weekly","public"
"dist/assets/media/testi7-90x90-c47bb668.webp","1690","315ff2b7f40fdbf815d8be6995841620b0344f1d0024d6649ce9ac5b8a7f6cc3","static website response","weekly","public"
"dist/blog/index.html","21747","7f4c58bc5b7dc6371b640eb88bfce8194ca5b02ee9d600d14d2964e8f18f7fb9","static website response","revalidate","public"
"dist/category/commercial/index.html","12208","1c772ae2577054caf94f7c5352b6123f49f150afc3d4a06b8424f9ce122fa2c6","static website response","revalidate","public"
"dist/category/hvac-guides/index.html","12218","99e17933600af2d1bdf20c94ddbcc1dedda43b6661db8b2a475885840711054b","static website response","revalidate","public"
"dist/category/maintenance/index.html","13632","3a6b211e17e76d62bd9ca9a6601bdc81f853583f5d80fc28b41f74c61795fba2","static website response","revalidate","public"
"dist/category/renovation/index.html","12271","5f0e32781cf198c4c1bd9b6b29800a6579ac481c89e148e7e4b8db3ccdedd1e1","static website response","revalidate","public"
"dist/category/servis-pembersihan/index.html","11480","9270e4ad7729adcd2452466f526ee4b0ccbbe68d1af6be12da05020a9fbfc6fe","static website response","revalidate","public"
"dist/category/technical-guides/index.html","14485","244fb7ccf4008e01161253632bbf9f9b60bf07fb107e61433cd7df40baa08667","static website response","revalidate","public"
"dist/commercial-retail-shop-renovation-in-kuala-lumpur/index.html","26450","577c7f46d2b78971b6966dbbb24671f6fe6cf1de2681d660ac5e6f27829ca332","static website response","revalidate","public"
"dist/contact-us/index.html","11551","9f68e3494aaad1eaa003d8249bbf4e026846fd4d151137835b1113038587ed40","static website response","revalidate","public"
"dist/electrical-services-selangor-the-complete-safety-pricing-guide-2026-edition/index.html","26086","97a96be7085cd0179c6aeab7038679cc5d0a4f0d67cae25f5a5a12c8369ea8c6","static website response","revalidate","public"
"dist/electrical-services-selangor/index.html","16909","20a155389821a1df55210ea053f4181def52f06b265d7bc4d47c4b1de44de218","static website response","revalidate","public"
"dist/faq/index.html","14025","c2f182c2f4907aa5095040fe201bdb86f04621fe86300182b051dc3b8bd3c51c","static website response","revalidate","public"
"dist/home-renovation-contractor-in-subang-jaya/index.html","15864","6cf7b3b032981d1d444a0b813d8128abd6ac4e59d6277796eb4abf24e8b92c97","static website response","revalidate","public"
"dist/house-renovation-in-kuala-lumpur-the-ultimate-planning-cost-guide-2026/index.html","53276","362e488fc3804d73ffd1b2aa4c66e30652809d42d11ab9346c1c06da4b64646d","static website response","revalidate","public"
"dist/house-renovation-in-kuala-lumpur/index.html","21118","ace71ef3a7c43958f5cba8c8fff75efa7313d003d33f2971df81a5c8bea12638","static website response","revalidate","public"
"dist/house-renovation-in-selangor-the-ultimate-2026-guide-to-extending-your-home/index.html","26252","fd65c51e0961897ea91f91eaf5f7ef5e11759cc478d7c1ae1f56628e2193fe03","static website response","revalidate","public"
"dist/house-renovation-in-selangor/index.html","20428","4a5d2a20853fc78b1d97b573e3cb03c890af779fe7fbb965b5877cd5b26044f0","static website response","revalidate","public"
"dist/index.html","21591","d5916b0fa933e1bf9adaf103405844a9b7c10f0213b25e046ceaa891169c0420","static website response","revalidate","public"
"dist/office-renovation-in-kuala-lumpur-the-2026-corporate-guide-to-productivity/index.html","25291","e34387682307772b4c896923e4a8e90c3a853006b9d4a5bde41683f31f454f53","static website response","revalidate","public"
"dist/office-renovation-in-kuala-lumpur/index.html","23206","991f74f34230f7b86628a03c2ae4ad773d8c51a30cb7fb21e4009c1485a3430f","static website response","revalidate","public"
"dist/office-renovation-petaling-jaya-corporate-fit-out-experts/index.html","26237","ce46948b38eb5e6bcba939f9ac1f55b3beae6f17728bb6eabed300f86d1b550f","static website response","revalidate","public"
"dist/pakej-deep-cleaning-rumah-kl-termasuk-pre-hari-raya/index.html","38314","7a28d32e414a3e12fe8eeec76720a2ac6aac6a38e75b890b26cc0130fc9010b6","static website response","revalidate","public"
"dist/plaster-ceiling-contractor-kl-the-ultimate-design-pricing-guide-2026/index.html","26295","be94450b1deec78ea77149f21ee8b185ebac384a570880498b5c616598befc49","static website response","revalidate","public"
"dist/plaster-ceiling-contractor-kl/index.html","18990","011d8544d6408fdc29e7ede9539a376bb750ee69d45a1d57f6c961a0f348a14d","static website response","revalidate","public"
"dist/pu-injection-waterproofing-kl-how-to-fix-wall-cracks-permanently/index.html","25737","b680a1af694018ace83a073d869bda64b0b841ceebdb017ecbbec1b27c2da74c","static website response","revalidate","public"
"dist/robots.txt","72","1bbb1c5c5eac7313bf5957537618875879760b7e0b15abeda07454363763fd74","static website response","weekly","public"
"dist/service/building-renovation/index.html","12204","404e4ccb6fce69f8917dfdbbe30bce03d6ffe2e2ae1b038e2445f7e6c650a774","static website response","revalidate","public"
"dist/services/index.html","15880","ce43f3c9b610018d562a6ae5e68f87a8b5e7664cf38f84a4b9c27a86ccd0e79a","static website response","revalidate","public"
"dist/servis-aircond-murah-kl-the-ultimate-2026-guide-to-a-colder-home/index.html","24948","0de19e27610b00004a523b582e30be8f435cf08c87d167bb7b966142fe4604b8","static website response","revalidate","public"
"dist/servis-aircond-murah-kl/index.html","18683","ff7e6fddb0994d7354488c7a56b261c7b31f8f460b85ba5e8dda11d88e1950e3","static website response","revalidate","public"
"dist/servis-cuci-rumah-kl-the-ultimate-2026-guide-to-a-spotless-home/index.html","25453","f8d7ae7ec85cb2434f34cbdd13b73fa9ec2153f970b9e0f7478fc67827df11d0","static website response","revalidate","public"
"dist/servis-cuci-rumah-kl/index.html","18019","701216a9882290fefdb0fac222382c20d76140a353be1e35c667f86bd3a942fd","static website response","revalidate","public"
"dist/sitemap.xml","3098","d9d9a190e3af94c2a71ef6b279745eb8d2d7f1408e890788877e938c9492afbe","static website response","weekly","public"
"dist/tag/interior-finishing/index.html","11425","b3e73d635011df29016ac9f7b6786d308eb91a5f695b832de33388ac86322c0e","static website response","revalidate","public"
"dist/tag/office-fit-out/index.html","11541","5513a69fd2720abad4ebb1ce05a213475ea74631a8f414d3f137054e2b75e31f","static website response","revalidate","public"
"dist/tag/waterproofing/index.html","11591","d22d1cb5ab2a095a94414f42ae474a8e8b11a2cb5770a6a760c3cd1d738e5e1d","static website response","revalidate","public"
"dist/thank-you/index.html","8885","bff245db12d2cece5eaae7980d8604c86dd490b53fe8216aa8b0606c4ca3f62d","static website response","revalidate","public"
"dist/upah-pasang-aircond-selangor-panduan-harga-pemasangan-2026/index.html","46758","17b2c9c68e87669456f80b141bd4e3c28d176ee5cfb9d099559d82d3c061425c","static website response","revalidate","public"
"dist/upah-pasang-aircond-selangor/index.html","20485","87150ec0e0eb22c8f476aebb2ed8b759838306795b4d828df511d6169fc5cbb1","static website response","revalidate","public"
"dist/waterproofing-contractor-kuala-lumpur-the-complete-guide-to-stopping-leaks-2026/index.html","25442","092f383b08136b85a3b9a7133789e21b5baecbb280cbbd36ca535ea5ca476636","static website response","revalidate","public"
"dist/waterproofing-contractor-kuala-lumpur/index.html","15391","0190a5e1e3e398d3680ee600ec4984fb94afdee13fd8aeb1bbc28ec14c441a7f","static website response","revalidate","public"
"docs/post-cutover-monitoring-checklist.md","2309","36948a05a4bcdb9d382e541e2f106be7279e0a9e0cb19c0dd41818719b85706c","operator runbook","not_applicable","server_only"
"docs/production-deployment.md","6507","f9e938c58fa949af0116de0bcd21d7106e0587013752207b89c4d6d05fb02a07","operator runbook","not_applicable","server_only"
"docs/rkreno-cutover-runbook.md","9706","0e78afb1e37c5d83d73c1d8ef781a113b8ffaf0193197dd78552663bfa171d65","operator runbook","not_applicable","server_only"
"package-lock.json","157563","01247b3b9e75885f4e655970c4a4c2450c7c1f70eaf007ae440195639e9a3447","release metadata or dependency definition","not_applicable","server_only"
"package.json","3611","c1c9a6439888384a16a1cf613d0fa33fa6be7059a4ba77d20306958b03563690","release metadata or dependency definition","not_applicable","server_only"
"release.json","603","4ab02414b4944d971c5625da5fb99efa33feb1b306bc5f9c7b6e96ab7e38b9bf","release metadata or dependency definition","not_applicable","server_only"
"scripts/deploy/activate-rkreno.sh","677","40a51aa4c8c2e558c58e355bded6bd5019473e082f78470bb19c538a5b2c591e","release runtime or operation script","not_applicable","server_only"
"scripts/deploy/clean-old-rkreno-releases.sh","886","7f254a9a48297f008f8f6e423b62985cc1e4714724e39a0bc01a1ee50f3a89f2","release runtime or operation script","not_applicable","server_only"
"scripts/deploy/deploy-rkreno.sh","1577","3a097de572a8974a4e5fe055276c15767e246306e248bf08adf13ace19f3371c","release runtime or operation script","not_applicable","server_only"
"scripts/deploy/lib-rkreno.sh","1719","3db4109117cbda590533e667cc38af7b5e7af9d25f1962084e1bccc30f5402cf","release runtime or operation script","not_applicable","server_only"
"scripts/deploy/list-rkreno-releases.sh","343","30544ee22d32e939a60d0aebdeef0f74ed3b16e5bc97ee056f272b568e8ff8df","release runtime or operation script","not_applicable","server_only"
"scripts/deploy/rollback-rkreno.sh","916","bf9d802b74f4abf5c0b1e247dd281b0ad24b9fe779086ad1be709fa5767fb480","release runtime or operation script","not_applicable","server_only"
"scripts/deploy/verify-rkreno-release.sh","673","1a7fa04e279b931a8d4fadaaf8f07846891030c5a636cda63533796417ad58a6","release runtime or operation script","not_applicable","server_only"
"scripts/prompt-3-1/production-simulator.mjs","10839","2fba3adef1ec297e7e27cba6507295650718ff833fd18c82914dd0092c4f1842","release runtime or operation script","not_applicable","server_only"
"server/enquiry/config.mjs","2133","13d45dd8dd385c2d3e2ef60c99504ffbf9fabbea7789b284037deb395b89cdce","loopback enquiry service","not_applicable","server_only"
"server/enquiry/constants.mjs","802","d2128e4230cd204331bbec670a6b962679898bf90939da3517b4afedbefcd208","loopback enquiry service","not_applicable","server_only"
"server/enquiry/logger.mjs","457","5d63ee044fc3bbe481668010de743f4fe0657368182345177abd1ff9e8ab134e","loopback enquiry service","not_applicable","server_only"
"server/enquiry/mail.mjs","2287","41ad834fb8131d5b59815625af5509ed1b0e94f33059e553b1dc546ba740d927","loopback enquiry service","not_applicable","server_only"
"server/enquiry/rate-limit.mjs","1541","ac46c6f689ef0ea503cc4180b33196a82c93943448f3bd87198d60a57ab81170","loopback enquiry service","not_applicable","server_only"
"server/enquiry/server.mjs","2171","6517ae6d3631d5651fdb61b46c8ad9cd33f489c0e335f2a713f7c34e6399eca6","loopback enquiry service","not_applicable","server_only"
"server/enquiry/service.mjs","4775","d8ce76c8e89b8613d470a3b4f88253ee2061f2814bed0d5ee79b1110114f3a0d","loopback enquiry service","not_applicable","server_only"
"server/enquiry/turnstile.mjs","2213","22219872543527b251f7a95f6c6dc12de6ad7acd69d411a430d964f54e92f3b2","loopback enquiry service","not_applicable","server_only"
"server/enquiry/validation.mjs","3418","896464b23e999fbefe96c78983a37ad9c587f18466726fe8302396a788b5a8cc","loopback enquiry service","not_applicable","server_only"
