"Route","Page family","Area checked","WordPress state","Astro state before Prompt 2.3","Final correction","Final Astro state","Remaining difference","Reason"
"/","Core and services","Complete page","Photographic hero, image-led content, dark service area, process, enquiry, testimonials and blue CTA","Close structure but title casing and proportions differed","Preserved prior layout and normalized shared logo/card image dimensions","Complete responsive homepage remains visually close at all three viewports","TECHNICAL_PLATFORM_DIFFERENCE","Static Astro uses non-animated cards instead of Elementor carousel motion"
"/services/","Core and services","Complete page","Centered introduction, three service values, wide renovation image, compact service links and dark guide section","Long 12-card directory with a different visual rhythm","Preserved prior layout and normalized shared logo/card image dimensions","Section order, density, colours and page length now closely follow WordPress","NONE","No meaningful correctable difference remains"
"/about-us/","Core and services","Complete page","Large construction image, Who We Are/Mission/Core Values, renovation introduction, benefits, services and areas","Different crane-led split layout and section order","Preserved prior layout and normalized shared logo/card image dimensions","Image-led layout, service band, area section and CTA now follow the WordPress family","SAFE_DEMO_EXCLUSION","Unsupported experience and project counters remain replaced with confirmed facts"
"/contact-us/","Core and services","Complete page","Dark split contact-information/form section followed by direct-contact guidance","White card layout with a separate generic blue CTA","Preserved prior layout and normalized shared logo/card image dimensions","The staging form visually matches while every control remains disabled","TECHNICAL_PLATFORM_DIFFERENCE","WordPress form is live; GitHub Pages form is intentionally disabled"
"/servis-aircond-murah-kl/","Core and services","Hero, prices, services, process, FAQ and CTA","Malay long-form service page with two broken source photographs","Complete content but a different local hero image and denser cards","Preserved prior layout and normalized shared logo/card image dimensions","Content and responsive structure closely match","SOURCE_IMAGE_UNAVAILABLE","Both current WordPress article photographs fail to load; approved owner aircond media remains substituted"
"/aircond-installation-kl/","Core and services","Hero and full service content","Image-led English installation hero with exact technician photograph","Owner wall-unit substitute in the hero","Preserved prior layout and normalized shared logo/card image dimensions","Hero, facts, prices, process, areas, FAQ and CTA align closely","NONE","Exact WordPress installation media is localized"
"/upah-pasang-aircond-selangor/","Core and services","Hero and full service content","Malay installation hero using the technician photograph","Owner trunking photograph in the hero","Preserved prior layout and normalized shared logo/card image dimensions","Malay content, prices, process, areas, FAQ and CTA align closely","NONE","Exact WordPress installation media is localized"
"/upah-pasang-aircond-selangor-panduan-harga-pemasangan-2026/","Long-form article","Long Malay price guide","Very long Malay guide with eight FAQs, installation imagery and sidebar","Full-width presentation with approved owner images","Preserved Prompt 2.2 layout and added intrinsic dimensions to imported article images","Heading and FAQ counts match","SOURCE_IMAGE_UNAVAILABLE","Several exact source images remain unavailable; approved owner aircond imagery is retained"
"/service/building-renovation/","Core and services","Complete route-safe structure","Sidebar service layout, two renovation images, scope, process and FAQ plus imported Vastcon material","Short generic hero and one abbreviated content section","Preserved prior layout and normalized shared logo/card image dimensions","Route-relevant visual structure and content now closely follow WordPress","SAFE_DEMO_EXCLUSION","Foreign contacts, demo staff, projects, credentials, testimonials and Vastcon claims remain excluded"
"/electrical-services-selangor/","Core and services","Full-page structure","Long service flow with quote card, process, FAQ and related guides","Short generic hero and compressed cards","Preserved prior layout and normalized shared logo/card image dimensions","Closely follows the source structure at all three viewports","SAFE_DEMO_EXCLUSION","Unsupported certification, emergency, counter, review and guarantee claims remain excluded"
"/house-renovation-in-kuala-lumpur/","Core and services","Hero, pricing, factors, examples, process, areas, FAQ and CTA","Full long-form renovation service page with unavailable inline project images","Complete safe content with local neutral renovation imagery","Preserved prior layout and normalized shared logo/card image dimensions","Structure and page length remain close across all viewports","SOURCE_IMAGE_UNAVAILABLE","Current WordPress living-area and kitchen image URLs fail to load"
"/house-renovation-in-selangor/","Core and services","Hero, pricing, factors, examples, process, areas, FAQ and CTA","Full long-form renovation service page with unavailable inline project images","Complete safe content with local neutral renovation imagery","Preserved prior layout and normalized shared logo/card image dimensions","Structure and page length remain close across all viewports","SOURCE_IMAGE_UNAVAILABLE","Current WordPress terrace and tiling image URLs fail to load"
"/home-renovation-contractor-in-subang-jaya/","Core and services","Local renovation layout","Local introduction, cost table, process, FAQ and service-area content","Compressed generic renovation cards","Preserved prior layout and normalized shared logo/card image dimensions","Local Subang Jaya content remains visible in source order","SAFE_DEMO_EXCLUSION","Imported review counters and testimonial material remain excluded"
"/office-renovation-in-kuala-lumpur/","Core and services","Office fit-out sections","Individual fit-out, pricing, quotation, building-rule, process, area and FAQ sections","Generic hero and shortened card treatment","Preserved prior layout and normalized shared logo/card image dimensions","Closely follows the long source page","SOURCE_IMAGE_UNAVAILABLE","Current WordPress visual-example images do not load; blank source positions are not presented as projects"
"/waterproofing-contractor-kuala-lumpur/","Core and services","Leak inspection and repair flow","Inspection-led content, price table, methods, process, FAQ and guide links","Short generic sections","Preserved prior layout and normalized shared logo/card image dimensions","Closely follows the source page length and hierarchy","SAFE_DEMO_EXCLUSION","Lifetime-style guarantees, unsupported counters and reviews remain excluded"
"/plaster-ceiling-contractor-kl/","Core and services","Ceiling scope and pricing","Sequential introduction, pricing, process, design cards, FAQ and knowledge hub","Short generic cards","Preserved prior layout and normalized shared logo/card image dimensions","Closely follows the source structure","SAFE_DEMO_EXCLUSION","Unsupported warranty, perfection and review claims remain excluded"
"/faq/","Core and services","Complete page","Simple accordion list, orange question CTA and image-backed follow-up","Centered intro and a different CTA stack","Preserved prior layout and normalized shared logo/card image dimensions","Nine safe accordions remain complete and interactive","SAFE_DEMO_EXCLUSION","Imported Vastcon text, placeholder wording and warranty statements remain excluded"
"/blog/","Core and services","Complete page","Compact post list with search/category sidebar and pagination","Three-column card directory","Preserved prior layout and normalized shared logo/card image dimensions","All 14 cards, images, categories, dates, excerpts and topic links remain visible","TECHNICAL_PLATFORM_DIFFERENCE","WordPress paginates a smaller visible set; Stage 1 requires all 14 retained posts"
"/commercial-retail-shop-renovation-in-kuala-lumpur/","Long-form article","Article and sidebar","Commercial guide with featured image, cost table, callouts and sidebar","Full-width presentation","Preserved Prompt 2.2 layout and added intrinsic dimensions to imported article images","Content and table remain complete","SAFE_DEMO_EXCLUSION","Imported commercial guarantee and unsupported project-management claim remain excluded"
"/office-renovation-petaling-jaya-corporate-fit-out-experts/","Long-form article","Article and sidebar","Petaling Jaya guide with image, fit-out table and sidebar","Full-width presentation","Preserved Prompt 2.2 layout and added intrinsic dimensions to imported article images","Content and table counts match","TECHNICAL_PLATFORM_DIFFERENCE","Static Astro sidebar search is intentionally disabled on staging"
"/waterproofing-contractor-kuala-lumpur-the-complete-guide-to-stopping-leaks-2026/","Long-form article","Article and sidebar","Waterproofing guide with image, price table, callouts and sidebar","Full-width presentation","Preserved Prompt 2.2 layout and added intrinsic dimensions to imported article images","Heading and table counts match","SAFE_DEMO_EXCLUSION","Fixed one-to-ten-year warranty and free-repair promise remain excluded"
"/plaster-ceiling-contractor-kl-the-ultimate-design-pricing-guide-2026/","Long-form article","Article and sidebar","Plaster guide with exact image, pricing table, callouts and sidebar","Full-width presentation","Preserved Prompt 2.2 layout and added intrinsic dimensions to imported article images","Heading and table counts match","TECHNICAL_PLATFORM_DIFFERENCE","Static Astro sidebar search is intentionally disabled on staging"
"/aircond-installation-kl-the-ultimate-2026-guide-rk-reno-solution/","Long-form article","Article and sidebar","Long English guide with content column, sidebar, table and CTA","Full-width landing-page presentation","Preserved Prompt 2.2 layout and added intrinsic dimensions to imported article images","Content counts and source order remain intact","SAFE_DEMO_EXCLUSION","Unsupported 90-day workmanship warranty remains excluded"
"/electrical-services-selangor-the-complete-safety-pricing-guide-2026-edition/","Long-form article","Article and sidebar","Electrical safety guide with pricing table, callouts and sidebar","Full-width presentation","Preserved Prompt 2.2 layout and added intrinsic dimensions to imported article images","Safe article wording and table remain complete","SAFE_DEMO_EXCLUSION","Unsupported workmanship warranty remains excluded"
"/house-renovation-in-kuala-lumpur-the-ultimate-planning-cost-guide-2026/","Long-form article","Long-form cost guide","Very long renovation guide with multiple layouts, nine FAQs and sidebar","Full-width layout with substituted local images","Preserved Prompt 2.2 layout and added intrinsic dimensions to imported article images","Article counts match and page length is comparable","SOURCE_IMAGE_UNAVAILABLE","Two current source photographs remain unavailable; closest local neutral renovation image is retained"
"/house-renovation-in-selangor-the-ultimate-2026-guide-to-extending-your-home/","Long-form article","Article and image treatment","Selangor extension guide with table, callouts, sidebar and property image","Full-width presentation","Preserved Prompt 2.2 layout and added intrinsic dimensions to imported article images","Table and heading counts match","SOURCE_IMAGE_UNAVAILABLE","Current source photograph is unavailable and unsupported warranty wording remains excluded"
"/office-renovation-in-kuala-lumpur-the-2026-corporate-guide-to-productivity/","Long-form article","Article and sidebar","Office guide with image, cost table, CTA and sidebar","Full-width presentation","Preserved Prompt 2.2 layout and added intrinsic dimensions to imported article images","Content and table counts match","TECHNICAL_PLATFORM_DIFFERENCE","Static Astro sidebar search is intentionally disabled on staging"
"/pakej-deep-cleaning-rumah-kl-termasuk-pre-hari-raya/","Long-form article","Malay package guide","Long Malay guide with package table, five FAQs, multiple images and sidebar","Full-width presentation with approved local imagery","Preserved Prompt 2.2 layout and added intrinsic dimensions to imported article images","Heading, table and FAQ counts match","SOURCE_IMAGE_UNAVAILABLE","Several current WordPress package images remain unavailable; closest localized cleaning imagery is retained"
"/pu-injection-waterproofing-kl-how-to-fix-wall-cracks-permanently/","Long-form article","Article and sidebar","PU injection guide with image, price table, callouts and sidebar","Full-width presentation","Preserved Prompt 2.2 layout and added intrinsic dimensions to imported article images","Safe body and table remain complete","SAFE_DEMO_EXCLUSION","Written warranty and free lifetime-style repair promise remain excluded"
"/servis-aircond-murah-kl-the-ultimate-2026-guide-to-a-colder-home/","Long-form article","Malay/English aircond guide","Aircond service guide with table, callouts and sidebar","Full-width presentation with approved owner image","Preserved Prompt 2.2 layout and added intrinsic dimensions to imported article images","Safe article body remains complete","SAFE_DEMO_EXCLUSION","90-day warranty and satisfaction language remain excluded"
"/servis-cuci-rumah-kl-the-ultimate-2026-guide-to-a-spotless-home/","Long-form article","Malay cleaning guide","Cleaning guide with image, pricing table, callouts and sidebar","Full-width presentation","Preserved Prompt 2.2 layout and added intrinsic dimensions to imported article images","Heading and table counts match","SAFE_DEMO_EXCLUSION","Unsupported satisfaction guarantee remains excluded"
"/servis-cuci-rumah-kl/","Core and services","Malay cleaning content","Malay introduction, pricing, process, packages, FAQ and guides","Compressed generic Malay sections","Preserved prior layout and normalized shared logo/card image dimensions","Malay source structure is preserved","SAFE_DEMO_EXCLUSION","Unsupported sanitisation, satisfaction, review and counter claims remain excluded"
"/thank-you/","Utility","Direct-visit state, contact choices and shared styling","Shared title system but displays a success message even when the URL is opened directly","Honest staging wording with an unwanted focused-heading outline and incomplete contact navigation","Removed forced focus, added Contact, and styled Home, Services, phone and WhatsApp actions consistently","Honest noindex utility page with no form or lead event and complete contact alternatives","SAFE_DEMO_EXCLUSION","The live fake direct-visit success confirmation is intentionally not reproduced"
"/category/commercial/","Taxonomy archive","Complete archive page and membership","WordPress list archive with title banner, article summaries, search/sidebar, categories and demo/plugin footer content","Modern image-card grid with a centered introduction and no source-like sidebar","Rebuilt as a styled article list with source-like typography, disabled staging search, retained archive navigation and service CTA","Source-family list/sidebar layout with exact approved article membership at all three viewports","SAFE_DEMO_EXCLUSION","Tag clouds, plugin clutter, newsletter/career material and imported demo footer content remain excluded"
"/category/hvac-guides/","Taxonomy archive","Complete archive page and membership","WordPress list archive with title banner, article summaries, search/sidebar, categories and demo/plugin footer content","Modern image-card grid with a centered introduction and no source-like sidebar","Rebuilt as a styled article list with source-like typography, disabled staging search, retained archive navigation and service CTA","Source-family list/sidebar layout with exact approved article membership at all three viewports","SAFE_DEMO_EXCLUSION","Tag clouds, plugin clutter, newsletter/career material and imported demo footer content remain excluded"
"/category/maintenance/","Taxonomy archive","Complete archive page and membership","WordPress list archive with title banner, article summaries, search/sidebar, categories and demo/plugin footer content","Modern image-card grid with a centered introduction and no source-like sidebar","Rebuilt as a styled article list with source-like typography, disabled staging search, retained archive navigation and service CTA","Source-family list/sidebar layout with exact approved article membership at all three viewports","SAFE_DEMO_EXCLUSION","Tag clouds, plugin clutter, newsletter/career material and imported demo footer content remain excluded"
"/category/renovation/","Taxonomy archive","Complete archive page and membership","WordPress list archive with title banner, article summaries, search/sidebar, categories and demo/plugin footer content","Modern image-card grid with a centered introduction and no source-like sidebar","Rebuilt as a styled article list with source-like typography, disabled staging search, retained archive navigation and service CTA","Source-family list/sidebar layout with exact approved article membership at all three viewports","SAFE_DEMO_EXCLUSION","Tag clouds, plugin clutter, newsletter/career material and imported demo footer content remain excluded"
"/category/servis-pembersihan/","Taxonomy archive","Complete archive page and membership","WordPress list archive with title banner, article summaries, search/sidebar, categories and demo/plugin footer content","Modern image-card grid with a centered introduction and no source-like sidebar","Rebuilt as a styled article list with source-like typography, disabled staging search, retained archive navigation and service CTA","Source-family list/sidebar layout with exact approved article membership at all three viewports","SAFE_DEMO_EXCLUSION","Tag clouds, plugin clutter, newsletter/career material and imported demo footer content remain excluded"
"/category/technical-guides/","Taxonomy archive","Complete archive page and membership","WordPress list archive with title banner, article summaries, search/sidebar, categories and demo/plugin footer content","Modern image-card grid with a centered introduction and no source-like sidebar","Rebuilt as a styled article list with source-like typography, disabled staging search, retained archive navigation and service CTA","Source-family list/sidebar layout with exact approved article membership at all three viewports","SAFE_DEMO_EXCLUSION","Tag clouds, plugin clutter, newsletter/career material and imported demo footer content remain excluded"
"/tag/interior-finishing/","Taxonomy archive","Complete archive page and membership","WordPress list archive with title banner, article summaries, search/sidebar, categories and demo/plugin footer content","Modern image-card grid with a centered introduction and no source-like sidebar","Rebuilt as a styled article list with source-like typography, disabled staging search, retained archive navigation and service CTA","Source-family list/sidebar layout with exact approved article membership at all three viewports","SAFE_DEMO_EXCLUSION","Tag clouds, plugin clutter, newsletter/career material and imported demo footer content remain excluded"
"/tag/office-fit-out/","Taxonomy archive","Complete archive page and membership","WordPress list archive with title banner, article summaries, search/sidebar, categories and demo/plugin footer content","Modern image-card grid with a centered introduction and no source-like sidebar","Rebuilt as a styled article list with source-like typography, disabled staging search, retained archive navigation and service CTA","Source-family list/sidebar layout with exact approved article membership at all three viewports","SAFE_DEMO_EXCLUSION","Tag clouds, plugin clutter, newsletter/career material and imported demo footer content remain excluded"
"/tag/waterproofing/","Taxonomy archive","Complete archive page and membership","WordPress list archive with title banner, article summaries, search/sidebar, categories and demo/plugin footer content","Modern image-card grid with a centered introduction and no source-like sidebar","Rebuilt as a styled article list with source-like typography, disabled staging search, retained archive navigation and service CTA","Source-family list/sidebar layout with exact approved article membership at all three viewports","SAFE_DEMO_EXCLUSION","Tag clouds, plugin clutter, newsletter/career material and imported demo footer content remain excluded"
"CUSTOM_404","Error output","404 response, navigation and shared styling","Custom error graphic, short message, homepage action and shared WordPress chrome","Shared title and explanation but no Blog action and minimally styled links","Added Blog and a complete styled action set while retaining the real 404 response and no redirect","Complete shared-design 404 with Home, Services, Blog, Contact, phone and WhatsApp","TECHNICAL_PLATFORM_DIFFERENCE","GitHub Pages fallback handling can differ from the production Nginx HTTP 404 error-document plan"
