"menu","order","label","sourceDestination","stagingDestination","repair"
"primary","1","Home","/","/","none"
"primary","2","Services","#","#","none"
"primary","3","Blog","/blog/","/blog/","none"
"primary","4","About Us","/about-us/","/about-us/","none"
"primary","5","Contact Us","/contact-us/","/contact-us/","none"
"services","1","Aircond Installation KL","/aircond-installation-kl/","/aircond-installation-kl/","none"
"services","2","Electrical Services Selangor","/electrical-services-selangor/","/electrical-services-selangor/","none"
"services","3","House Renovation in Kuala Lumpur","/house-renovation-in-kuala-lumpur/","/house-renovation-in-kuala-lumpur/","none"
"services","4","House Renovation in Selangor","/house-renovation-in-selangor/","/house-renovation-in-selangor/","none"
"services","5","Office Renovation in Kuala Lumpur","/office-renovation-in-kuala-lumpur/","/office-renovation-in-kuala-lumpur/","none"
"services","6","Plaster Ceiling Contractor KL","/plaster-ceiling-contractor-kl/","/plaster-ceiling-contractor-kl/","none"
"services","7","Servis Aircond Murah KL","/servis-aircond-murah-kl/","/servis-aircond-murah-kl/","none"
"services","8","Servis Cuci Rumah KL","/servis-cuci-rumah-kl/","/servis-cuci-rumah-kl/","none"
"services","9","Upah Pasang Aircond Selangor","/upah-pasang-aircond-selangor/","/upah-pasang-aircond-selangor/","none"
"services","10","Waterproofing Contractor Kuala Lumpur","/waterproofing-contractor-kuala-lumpur/","/waterproofing-contractor-kuala-lumpur/","none"
