Route,Page type,Area,WordPress state,Astro before,Correction made,Astro after,Remaining difference,Reason
"/electrical-services-selangor/","Service","Full-page structure","Long service flow with quote card, process, FAQ and related guides","Short generic hero and compressed cards","Restored long reading flow, safe fact band, quote column, FAQ rhythm and guide links","Closely follows the source structure at all three viewports","SAFE_DEMO_EXCLUSION","Unsupported certification, emergency, counter, review and guarantee claims remain excluded"
"/home-renovation-contractor-in-subang-jaya/","Service","Local renovation layout","Local introduction, cost table, process, FAQ and service-area content","Compressed generic renovation cards","Restored local flow, published cost table, process sequence, quote column, FAQ and related links","Local Subang Jaya content remains visible in source order","SAFE_DEMO_EXCLUSION","Imported review counters and testimonial material remain excluded"
"/office-renovation-in-kuala-lumpur/","Service","Office fit-out sections","Individual fit-out, pricing, quotation, building-rule, process, area and FAQ sections","Generic hero and shortened card treatment","Matched section sequence, card families, pricing, process, FAQ and dark quotation bands","Closely follows the long source page","SOURCE_IMAGE_UNAVAILABLE","Current WordPress visual-example images do not load; blank source positions are not presented as projects"
"/waterproofing-contractor-kuala-lumpur/","Service","Leak inspection and repair flow","Inspection-led content, price table, methods, process, FAQ and guide links","Short generic sections","Restored sequential inspection content, pricing, repair flow, quote column, FAQ and guides","Closely follows the source page length and hierarchy","SAFE_DEMO_EXCLUSION","Lifetime-style guarantees, unsupported counters and reviews remain excluded"
"/plaster-ceiling-contractor-kl/","Service","Ceiling scope and pricing","Sequential introduction, pricing, process, design cards, FAQ and knowledge hub","Short generic cards","Restored service flow, exact published table, process, design cards, FAQ and guide links","Closely follows the source structure","SAFE_DEMO_EXCLUSION","Unsupported warranty, perfection and review claims remain excluded"
"/servis-cuci-rumah-kl/","Service","Malay cleaning content","Malay introduction, pricing, process, packages, FAQ and guides","Compressed generic Malay sections","Restored Malay reading flow, service images, quote column, package cards, FAQ and guide links","Malay source structure is preserved","SAFE_DEMO_EXCLUSION","Unsupported sanitisation, satisfaction, review and counter claims remain excluded"
"/aircond-installation-kl-the-ultimate-2026-guide-rk-reno-solution/","Article","Article and sidebar","Long English guide with content column, sidebar, table and CTA","Full-width landing-page presentation","Added WordPress-like content/sidebar relationship while preserving the complete imported body and table","Content counts and source order remain intact","SAFE_DEMO_EXCLUSION","Unsupported 90-day workmanship warranty remains excluded"
"/commercial-retail-shop-renovation-in-kuala-lumpur/","Article","Article and sidebar","Commercial guide with featured image, cost table, callouts and sidebar","Full-width presentation","Restored source-like content width, sidebar, exact localized image and related links","Content and table remain complete","SAFE_DEMO_EXCLUSION","Imported commercial guarantee and unsupported project-management claim remain excluded"
"/electrical-services-selangor-the-complete-safety-pricing-guide-2026-edition/","Article","Article and sidebar","Electrical safety guide with pricing table, callouts and sidebar","Full-width presentation","Restored source-like reading width, sidebar, table containment and related electrical links","Safe article wording and table remain complete","SAFE_DEMO_EXCLUSION","Unsupported workmanship warranty remains excluded"
"/house-renovation-in-kuala-lumpur-the-ultimate-planning-cost-guide-2026/","Article","Long-form cost guide","Very long renovation guide with multiple layouts, nine FAQs and sidebar","Full-width layout with substituted local images","Restored source-like content/sidebar proportions and retained every heading, FAQ and content section","Article counts match and page length is comparable","SOURCE_IMAGE_UNAVAILABLE","Two current source photographs remain unavailable; closest local neutral renovation image is retained"
"/house-renovation-in-selangor-the-ultimate-2026-guide-to-extending-your-home/","Article","Article and image treatment","Selangor extension guide with table, callouts, sidebar and property image","Full-width presentation","Restored content/sidebar proportions and preserved full local guide content","Table and heading counts match","SOURCE_IMAGE_UNAVAILABLE","Current source photograph is unavailable and unsupported warranty wording remains excluded"
"/office-renovation-in-kuala-lumpur-the-2026-corporate-guide-to-productivity/","Article","Article and sidebar","Office guide with image, cost table, CTA and sidebar","Full-width presentation","Restored narrow article column, source-like sidebar and exact localized office image","Content and table counts match","TECHNICAL_PLATFORM_DIFFERENCE","Static Astro sidebar search is intentionally disabled on staging"
"/office-renovation-petaling-jaya-corporate-fit-out-experts/","Article","Article and sidebar","Petaling Jaya guide with image, fit-out table and sidebar","Full-width presentation","Restored source-like content/sidebar layout and exact localized office image","Content and table counts match","TECHNICAL_PLATFORM_DIFFERENCE","Static Astro sidebar search is intentionally disabled on staging"
"/pakej-deep-cleaning-rumah-kl-termasuk-pre-hari-raya/","Article","Malay package guide","Long Malay guide with package table, five FAQs, multiple images and sidebar","Full-width presentation with approved local imagery","Restored source-like column proportions, sidebar, complete Malay body, table and FAQs","Heading, table and FAQ counts match","SOURCE_IMAGE_UNAVAILABLE","Several current WordPress package images remain unavailable; closest localized cleaning imagery is retained"
"/plaster-ceiling-contractor-kl-the-ultimate-design-pricing-guide-2026/","Article","Article and sidebar","Plaster guide with exact image, pricing table, callouts and sidebar","Full-width presentation","Restored source-like content/sidebar proportions and exact localized plaster-ceiling image","Heading and table counts match","TECHNICAL_PLATFORM_DIFFERENCE","Static Astro sidebar search is intentionally disabled on staging"
"/pu-injection-waterproofing-kl-how-to-fix-wall-cracks-permanently/","Article","Article and sidebar","PU injection guide with image, price table, callouts and sidebar","Full-width presentation","Restored source-like content width, sidebar and localized waterproofing image","Safe body and table remain complete","SAFE_DEMO_EXCLUSION","Written warranty and free lifetime-style repair promise remain excluded"
"/servis-aircond-murah-kl-the-ultimate-2026-guide-to-a-colder-home/","Article","Malay/English aircond guide","Aircond service guide with table, callouts and sidebar","Full-width presentation with approved owner image","Restored source-like column layout, table containment, sidebar and related aircond links","Safe article body remains complete","SAFE_DEMO_EXCLUSION","90-day warranty and satisfaction language remain excluded"
"/servis-cuci-rumah-kl-the-ultimate-2026-guide-to-a-spotless-home/","Article","Malay cleaning guide","Cleaning guide with image, pricing table, callouts and sidebar","Full-width presentation","Restored source-like article/sidebar proportions and localized cleaning image","Heading and table counts match","SAFE_DEMO_EXCLUSION","Unsupported satisfaction guarantee remains excluded"
"/upah-pasang-aircond-selangor-panduan-harga-pemasangan-2026/","Article","Long Malay price guide","Very long Malay guide with eight FAQs, installation imagery and sidebar","Full-width presentation with approved owner images","Restored source-like width, sidebar and all headings, FAQs, prices and links","Heading and FAQ counts match","SOURCE_IMAGE_UNAVAILABLE","Several exact source images remain unavailable; approved owner aircond imagery is retained"
"/waterproofing-contractor-kuala-lumpur-the-complete-guide-to-stopping-leaks-2026/","Article","Article and sidebar","Waterproofing guide with image, price table, callouts and sidebar","Full-width presentation","Restored source-like content/sidebar layout and localized waterproofing image","Heading and table counts match","SAFE_DEMO_EXCLUSION","Fixed one-to-ten-year warranty and free-repair promise remain excluded"
