Route,Page type,Source type,Indexability,Sitemap inclusion,Canonical,Title,Description,H1,Main rendered word count,Local image count,Missing-original-asset status,Internal-link count,Schema types,Desktop result,Tablet result,Mobile result,Content result,SEO result,Image result,Link result,Accessibility result,Final result
/,Homepage,wordpress,index,true,https://rkrenosolution.com/,Home - RK Reno Solution,"RK Reno Solution helps homeowners and businesses plan renovation, aircond, electrical, waterproofing and related property work with clear communication from the first site discussion.",Reliable Renovation Contractor in KL & Selangor,687,14,NONE,63,WebPage,PASS,PASS,PASS,PASS,PASS,PASS,PASS,PASS,PASS
/services/,Service index,wordpress,index,true,https://rkrenosolution.com/services/,Services - RK Reno Solution,"Explore renovation, repair, installation and maintenance services for residential and commercial properties in Kuala Lumpur and Selangor.",Services,315,14,NONE,75,WebPage,PASS,PASS,PASS,PASS,PASS,PASS,PASS,PASS,PASS
/about-us/,About page,wordpress,index,true,https://rkrenosolution.com/about-us/,About us - RK Reno Solution,RK Reno Solution is a Kuala Lumpur–based renovation and property-service business supporting homeowners and business owners across KL and Selangor.,About Us,253,8,NONE,48,WebPage,PASS,PASS,PASS,PASS,PASS,PASS,PASS,PASS,PASS
/contact-us/,Contact page,wordpress,index,true,https://rkrenosolution.com/contact-us/,Contact Us - RK Reno Solution,"Send the property location, service required and a short description. Photos and approximate measurements can help us understand the enquiry.",Contact Us,143,3,NONE,38,WebPage,PASS,PASS,PASS,PASS,PASS,PASS,PASS,PASS,PASS
/servis-aircond-murah-kl/,Service landing page,wordpress,index,true,https://rkrenosolution.com/servis-aircond-murah-kl/,Servis Aircond Murah KL - RK Reno Solution,"Aircond kurang sejuk, berbau atau bocor air? Dapatkan pemeriksaan, pembersihan dan cadangan servis untuk rumah atau pejabat di Kuala Lumpur.",Servis Aircond Murah KL,975,2,NONE,43,Service; FAQPage,PASS,PASS,PASS,PASS,PASS,PASS,PASS,PASS,PASS
/aircond-installation-kl/,Service landing page,wordpress,index,true,https://rkrenosolution.com/aircond-installation-kl/,Aircond Installation KL - RK Reno Solution,"Installation for wall-mounted aircond units in Kuala Lumpur homes, condominiums, offices and shops, with the scope confirmed from the unit and site requirements.",Aircond Installation KL,895,5,NONE,45,Service; FAQPage,PASS,PASS,PASS,PASS,PASS,PASS,PASS,PASS,PASS
/upah-pasang-aircond-selangor/,Service landing page,wordpress,index,true,https://rkrenosolution.com/upah-pasang-aircond-selangor/,Aircond Installation Selangor | Upah Pasang Aircond,"Servis pemasangan aircond untuk rumah, pejabat dan kedai di Selangor, berdasarkan kapasiti unit, jarak paip, saliran, bekalan elektrik dan keadaan tapak.","Upah Pasang Aircond Selangor untuk Rumah, Pejabat & Kedai",782,5,NONE,43,Service; FAQPage,PASS,PASS,PASS,PASS,PASS,PASS,PASS,PASS,PASS
/upah-pasang-aircond-selangor-panduan-harga-pemasangan-2026/,Article,wordpress,index,true,https://rkrenosolution.com/upah-pasang-aircond-selangor-panduan-harga-pemasangan-2026/,Upah Pasang Aircond Selangor 2026 | Harga & Pemasangan,"Panduan memahami faktor harga, skop standard, bahan, akses dan pengesahan tapak untuk pemasangan aircond di Selangor.",Upah Pasang Aircond Selangor: Panduan Harga & Pemasangan (2026),2951,5,NONE,60,BlogPosting; FAQPage; BreadcrumbList,PASS,PASS,PASS,PASS,PASS,PASS,PASS,PASS,PASS
/service/building-renovation/,Service landing page,wordpress,index,true,https://rkrenosolution.com/service/building-renovation/,building renovation - RK Reno Solution,"Improve an existing residential or commercial space with a renovation scope shaped around its condition, function and intended use.",building renovation,385,2,NONE,53,Service,PASS,PASS,PASS,PASS,PASS,PASS,PASS,PASS,PASS
/electrical-services-selangor/,Service landing page,wordpress,index,true,https://rkrenosolution.com/electrical-services-selangor/,Electrical Services Selangor - RK Reno Solution,"Electrical inspection, troubleshooting, wiring and fitting work for homes, offices and commercial properties in Selangor and Kuala Lumpur.",Electrical Services Selangor,622,2,NONE,45,Service; FAQPage,PASS,PASS,PASS,PASS,PASS,PASS,PASS,PASS,PASS
/house-renovation-in-kuala-lumpur/,Service landing page,wordpress,index,true,https://rkrenosolution.com/house-renovation-in-kuala-lumpur/,House Renovation Cost Kuala Lumpur 2026 | Price Guide,"Plan painting, tiling, kitchen, bathroom, ceiling, electrical and repair work around the condition and requirements of your Kuala Lumpur property.",House Renovation in Kuala Lumpur,992,2,NONE,49,Service; FAQPage,PASS,PASS,PASS,PASS,PASS,PASS,PASS,PASS,PASS
/house-renovation-in-selangor/,Service landing page,wordpress,index,true,https://rkrenosolution.com/house-renovation-in-selangor/,House Renovation Selangor | Contractor & Starting Prices,"Renovation planning for houses and residential properties across Selangor, from targeted repairs and room updates to coordinated multi-trade work.",House Renovation in Selangor,968,2,NONE,49,Service; FAQPage,PASS,PASS,PASS,PASS,PASS,PASS,PASS,PASS,PASS
/home-renovation-contractor-in-subang-jaya/,Service landing page,wordpress,index,true,https://rkrenosolution.com/home-renovation-contractor-in-subang-jaya/,Home Renovation Contractor in Subang Jaya - RK Reno Solution,"Practical renovation, repair and improvement planning for homes in Subang Jaya, with the final scope based on the property and requested work.",Home Renovation Contractor in Subang Jaya,732,3,NONE,42,Service; FAQPage,PASS,PASS,PASS,PASS,PASS,PASS,PASS,PASS,PASS
/office-renovation-in-kuala-lumpur/,Service landing page,wordpress,index,true,https://rkrenosolution.com/office-renovation-in-kuala-lumpur/,Office Renovation Contractor KL | Fit-Out & Reinstatement,"Plan office partitions, flooring, ceilings, electrical points, data requirements and reinstatement around the premises and business needs.",Office Renovation in Kuala Lumpur,1133,4,NONE,49,Service; FAQPage,PASS,PASS,PASS,PASS,PASS,PASS,PASS,PASS,PASS
/waterproofing-contractor-kuala-lumpur/,Service landing page,wordpress,index,true,https://rkrenosolution.com/waterproofing-contractor-kuala-lumpur/,Waterproofing Contractor Kuala Lumpur - RK Reno Solution,"Arrange inspection for roof, bathroom, balcony, wall and concrete leakage before selecting a repair or waterproofing method.",Waterproofing Contractor Kuala Lumpur,630,3,NONE,42,Service; FAQPage,PASS,PASS,PASS,PASS,PASS,PASS,PASS,PASS,PASS
/plaster-ceiling-contractor-kl/,Service landing page,wordpress,index,true,https://rkrenosolution.com/plaster-ceiling-contractor-kl/,Plaster Ceiling Contractor KL - RK Reno Solution,"Plaster ceiling installation and repair for homes and offices, coordinated with lighting, aircond access and site measurements.",Plaster Ceiling Contractor KL,980,5,NONE,45,Service; FAQPage,PASS,PASS,PASS,PASS,PASS,PASS,PASS,PASS,PASS
/faq/,FAQ page,wordpress,index,true,https://rkrenosolution.com/faq/,FAQ - RK Reno Solution,"Answers about renovation, aircond, electrical, waterproofing, ceiling, quotation and service areas.",Frequently Asked Questions,397,2,NONE,40,FAQPage,PASS,PASS,PASS,PASS,PASS,PASS,PASS,PASS,PASS
/blog/,Blog archive,wordpress,index,true,https://rkrenosolution.com/blog/,Blog - RK Reno Solution,Practical renovation and property-service guides from RK Reno Solution.,Blog,524,15,NONE,84,CollectionPage,PASS,PASS,PASS,PASS,PASS,PASS,PASS,PASS,PASS
/commercial-retail-shop-renovation-in-kuala-lumpur/,Article,wordpress,index,true,https://rkrenosolution.com/commercial-retail-shop-renovation-in-kuala-lumpur/,Commercial Retail Shop Renovation in Kuala Lumpur - RK Reno Solution,"A practical guide to planning retail layout, services, finishes, access and handover for a Kuala Lumpur shop renovation.",Commercial Retail Shop Renovation in Kuala Lumpur,980,3,NONE,61,BlogPosting; BreadcrumbList,PASS,PASS,PASS,PASS,PASS,PASS,PASS,PASS,PASS
/office-renovation-petaling-jaya-corporate-fit-out-experts/,Article,wordpress,index,true,https://rkrenosolution.com/office-renovation-petaling-jaya-corporate-fit-out-experts/,Office Renovation Petaling Jaya: Corporate Fit-Out Experts - RK Reno Solution,"Plan a Petaling Jaya office fit-out around layout, services, building requirements, access and the agreed handover condition.",Office Renovation Petaling Jaya: Corporate Fit-Out Experts,866,3,NONE,58,BlogPosting; BreadcrumbList,PASS,PASS,PASS,PASS,PASS,PASS,PASS,PASS,PASS
/waterproofing-contractor-kuala-lumpur-the-complete-guide-to-stopping-leaks-2026/,Article,wordpress,index,true,https://rkrenosolution.com/waterproofing-contractor-kuala-lumpur-the-complete-guide-to-stopping-leaks-2026/,Waterproofing Contractor Kuala Lumpur: The Complete Guide to Stopping Leaks (2026) - RK Reno Solution,"Understand common leakage signs, inspection areas and quotation factors without assuming a permanent result before the source is assessed.",Waterproofing Contractor Kuala Lumpur: The Complete Guide to Stopping Leaks (2026),943,3,NONE,57,BlogPosting; BreadcrumbList,PASS,PASS,PASS,PASS,PASS,PASS,PASS,PASS,PASS
/plaster-ceiling-contractor-kl-the-ultimate-design-pricing-guide-2026/,Article,wordpress,index,true,https://rkrenosolution.com/plaster-ceiling-contractor-kl-the-ultimate-design-pricing-guide-2026/,Plaster Ceiling Contractor KL: The Ultimate Design & Pricing Guide (2026) - RK Reno Solution,"Review ceiling types, lighting coordination, repair considerations and the site information needed for a useful quotation.",Plaster Ceiling Contractor KL: The Ultimate Design & Pricing Guide (2026),1034,3,NONE,63,BlogPosting; BreadcrumbList,PASS,PASS,PASS,PASS,PASS,PASS,PASS,PASS,PASS
/aircond-installation-kl-the-ultimate-2026-guide-rk-reno-solution/,Article,wordpress,index,true,https://rkrenosolution.com/aircond-installation-kl-the-ultimate-2026-guide-rk-reno-solution/,Aircond Installation KL The Ultimate 2026 Guide – RK Reno Solution - RK Reno Solution,"Plan aircond capacity, unit type, piping, drainage, vacuuming and testing around the room and actual installation route.",Aircond Installation KL: The Definitive Guide to Cooling Your Home (2026 Edition),1160,2,NONE,56,BlogPosting; BreadcrumbList,PASS,PASS,PASS,PASS,PASS,PASS,PASS,PASS,PASS
/electrical-services-selangor-the-complete-safety-pricing-guide-2026-edition/,Article,wordpress,index,true,https://rkrenosolution.com/electrical-services-selangor-the-complete-safety-pricing-guide-2026-edition/,Electrical Services Selangor: The Complete Safety & Pricing Guide (2026 Edition) - RK Reno Solution,"Recognise electrical warning signs and prepare for inspection of wiring, sockets, lighting, fans, distribution boards or supply changes.",Electrical Services Selangor: The Complete Safety & Pricing Guide (2026 Edition),876,2,NONE,57,BlogPosting; BreadcrumbList,PASS,PASS,PASS,PASS,PASS,PASS,PASS,PASS,PASS
/house-renovation-in-kuala-lumpur-the-ultimate-planning-cost-guide-2026/,Article,wordpress,index,true,https://rkrenosolution.com/house-renovation-in-kuala-lumpur-the-ultimate-planning-cost-guide-2026/,House Renovation Planning Guide Kuala Lumpur 2026 | RK Reno,"Plan a Kuala Lumpur house renovation around inspection, layout, coordinated trades, materials, sequencing and a site-based quotation.",House Renovation in Kuala Lumpur: The Ultimate Planning & Cost Guide (2026),4137,5,NONE,71,BlogPosting; FAQPage; BreadcrumbList,PASS,PASS,PASS,PASS,PASS,PASS,PASS,PASS,PASS
/house-renovation-in-selangor-the-ultimate-2026-guide-to-extending-your-home/,Article,wordpress,index,true,https://rkrenosolution.com/house-renovation-in-selangor-the-ultimate-2026-guide-to-extending-your-home/,House Renovation in Selangor: The Ultimate 2026 Guide to Extending Your Home - RK Reno Solution,"Review site conditions, layout, structural questions, services and quotation factors before planning a home extension in Selangor.",House Renovation in Selangor: The Ultimate 2026 Guide to Extending Your Home,858,4,NONE,59,BlogPosting; BreadcrumbList,PASS,PASS,PASS,PASS,PASS,PASS,PASS,PASS,PASS
/office-renovation-in-kuala-lumpur-the-2026-corporate-guide-to-productivity/,Article,wordpress,index,true,https://rkrenosolution.com/office-renovation-in-kuala-lumpur-the-2026-corporate-guide-to-productivity/,Office Renovation in Kuala Lumpur: The 2026 Corporate Guide to Productivity - RK Reno Solution,"Plan an office fit-out around space requirements, building rules, coordinated services, work sequencing and handover.",Office Renovation in Kuala Lumpur: The 2026 Corporate Guide to Productivity,835,3,NONE,59,BlogPosting; BreadcrumbList,PASS,PASS,PASS,PASS,PASS,PASS,PASS,PASS,PASS
/pakej-deep-cleaning-rumah-kl-termasuk-pre-hari-raya/,Article,wordpress,index,true,https://rkrenosolution.com/pakej-deep-cleaning-rumah-kl-termasuk-pre-hari-raya/,Pakej Deep Cleaning Rumah KL (Termasuk Pre-Hari Raya) - RK Reno Solution,"Plan a one-off deep-cleaning enquiry for a Kuala Lumpur home, including current availability, property condition and quotation factors.",Pakej Cuci Rumah KL: Harga & Servis Deep Cleaning 2026,1354,9,DOCUMENTED_7_ORIGINALS_UNAVAILABLE,61,BlogPosting; FAQPage; BreadcrumbList,PASS,PASS,PASS,PASS,PASS,PASS,PASS,PASS,PASS_WITH_DOCUMENTED_MISSING_ORIGINAL_ASSET
/pu-injection-waterproofing-kl-how-to-fix-wall-cracks-permanently/,Article,wordpress,index,true,https://rkrenosolution.com/pu-injection-waterproofing-kl-how-to-fix-wall-cracks-permanently/,PU Injection Waterproofing KL: How to Fix Wall Cracks Permanently - RK Reno Solution,"Understand when PU injection may be considered and why the crack, water source, structure and site condition must be inspected first.",PU Injection Waterproofing KL: How to Fix Wall Cracks Permanently,988,3,NONE,58,BlogPosting; BreadcrumbList,PASS,PASS,PASS,PASS,PASS,PASS,PASS,PASS,PASS
/servis-aircond-murah-kl-the-ultimate-2026-guide-to-a-colder-home/,Article,wordpress,index,true,https://rkrenosolution.com/servis-aircond-murah-kl-the-ultimate-2026-guide-to-a-colder-home/,Servis Aircond Murah KL: The Ultimate 2026 Guide to a Colder Home - RK Reno Solution,"Understand routine aircond cleaning, common warning signs and when uncertain cooling or leakage problems need inspection.",Servis Aircond Murah KL: The Ultimate 2026 Guide to a Colder Home,930,3,NONE,58,BlogPosting; BreadcrumbList,PASS,PASS,PASS,PASS,PASS,PASS,PASS,PASS,PASS
/servis-cuci-rumah-kl-the-ultimate-2026-guide-to-a-spotless-home/,Article,wordpress,index,true,https://rkrenosolution.com/servis-cuci-rumah-kl-the-ultimate-2026-guide-to-a-spotless-home/,Servis Cuci Rumah KL: The Ultimate 2026 Guide to a Spotless Home - RK Reno Solution,"Prepare a clear home-cleaning scope around rooms, surfaces, access, property condition and the level of cleaning required.",Servis Cuci Rumah KL: The Ultimate 2026 Guide to a Spotless Home,941,3,NONE,59,BlogPosting; BreadcrumbList,PASS,PASS,PASS,PASS,PASS,PASS,PASS,PASS,PASS
/servis-cuci-rumah-kl/,Service landing page,wordpress,index,true,https://rkrenosolution.com/servis-cuci-rumah-kl/,Servis Cuci Rumah KL - RK Reno Solution,"Enquire about general, deep, move-in or move-out, and post-renovation home cleaning in Kuala Lumpur, subject to the current supported scope.",Servis Cuci Rumah KL,716,4,NONE,45,Service; FAQPage,PASS,PASS,PASS,PASS,PASS,PASS,PASS,PASS,PASS
/thank-you/,Thank-you utility,wordpress,noindex,false,https://rkrenosolution.com/thank-you/,Thank You - RK Reno Solution,Thank You! Your feedback has been submitted successfully. We appreciate your time and effort to help us improve!,Thank You,43,0,NONE,40,WebPage,PASS,PASS,PASS,PASS,PASS,PASS,PASS,PASS,PASS
/category/commercial/,Taxonomy archive,wordpress,noindex,false,https://rkrenosolution.com/category/commercial/,Commercial - RK Reno Solution,"Planning guides for retail and office renovation, including layout, services, access and handover considerations.",Commercial Renovation Guides,156,3,NONE,56,CollectionPage; BreadcrumbList,PASS,PASS,PASS,PASS,PASS,PASS,PASS,PASS,PASS
/category/hvac-guides/,Taxonomy archive,wordpress,noindex,false,https://rkrenosolution.com/category/hvac-guides/,HVAC Guides - RK Reno Solution,"Aircond guides covering installation planning, maintenance and quotation factors for Kuala Lumpur and Selangor properties.",Aircond Installation and Maintenance Guides,163,3,NONE,56,CollectionPage; BreadcrumbList,PASS,PASS,PASS,PASS,PASS,PASS,PASS,PASS,PASS
/category/maintenance/,Taxonomy archive,wordpress,noindex,false,https://rkrenosolution.com/category/maintenance/,Maintenance - RK Reno Solution,"Maintenance planning for aircond servicing, cleaning, leakage inspection and site-dependent repair work.",Property Maintenance Guides,236,5,NONE,62,CollectionPage; BreadcrumbList,PASS,PASS,PASS,PASS,PASS,PASS,PASS,PASS,PASS
/category/renovation/,Taxonomy archive,wordpress,noindex,false,https://rkrenosolution.com/category/renovation/,Renovation - RK Reno Solution,"Residential and retail renovation guides covering scope, materials, coordination, sequencing, quotation and handover.",Renovation Planning Guides,166,3,NONE,56,CollectionPage; BreadcrumbList,PASS,PASS,PASS,PASS,PASS,PASS,PASS,PASS,PASS
/category/servis-pembersihan/,Taxonomy archive,wordpress,noindex,false,https://rkrenosolution.com/category/servis-pembersihan/,Servis Pembersihan - RK Reno Solution,Panduan merancang servis cuci rumah dan deep cleaning di Kuala Lumpur berdasarkan keadaan dan skop sebenar.,Panduan Servis Pembersihan Rumah,133,2,NONE,53,CollectionPage; BreadcrumbList,PASS,PASS,PASS,PASS,PASS,PASS,PASS,PASS,PASS
/category/technical-guides/,Taxonomy archive,wordpress,noindex,false,https://rkrenosolution.com/category/technical-guides/,Technical Guides - RK Reno Solution,"Safety, inspection and technical planning guides for electrical, aircond, waterproofing and ceiling work.",Technical Property Guides,273,6,NONE,65,CollectionPage; BreadcrumbList,PASS,PASS,PASS,PASS,PASS,PASS,PASS,PASS,PASS
/tag/interior-finishing/,Taxonomy archive,wordpress,noindex,false,https://rkrenosolution.com/tag/interior-finishing/,Interior Finishing - RK Reno Solution,Practical guides for plaster ceilings and coordinated finishing work in renovation projects.,Interior Finishing Guides,125,2,NONE,53,CollectionPage; BreadcrumbList,PASS,PASS,PASS,PASS,PASS,PASS,PASS,PASS,PASS
/tag/office-fit-out/,Taxonomy archive,wordpress,noindex,false,https://rkrenosolution.com/tag/office-fit-out/,Office Fit-Out - RK Reno Solution,"Office renovation planning for Kuala Lumpur and Petaling Jaya premises, including layout, services and building requirements.",Office Fit-Out Guides,115,2,NONE,53,CollectionPage; BreadcrumbList,PASS,PASS,PASS,PASS,PASS,PASS,PASS,PASS,PASS
/tag/waterproofing/,Taxonomy archive,wordpress,noindex,false,https://rkrenosolution.com/tag/waterproofing/,Waterproofing - RK Reno Solution,Leak inspection and PU injection guidance for site-dependent waterproofing decisions in Kuala Lumpur.,Waterproofing and Leak Guides,138,2,NONE,53,CollectionPage; BreadcrumbList,PASS,PASS,PASS,PASS,PASS,PASS,PASS,PASS,PASS
/company-history/,Restored WordPress page,wordpress,noindex,false,https://rkrenosolution.com/company-history/,Company History - RK Reno Solution,"Source-safe background on RK Reno Solution, its current services, work approach and operating areas.",Company History,112,2,NONE,42,WebPage; BreadcrumbList,PASS,PASS,PASS,PASS,PASS,PASS,PASS,PASS,PASS
/our-projects-2/,Restored WordPress page,wordpress,noindex,false,https://rkrenosolution.com/our-projects-2/,Our Projects 2 - RK Reno Solution,Property preparation references and a practical workflow for preparing a pre-quotation brief.,Our Projects 2,116,2,NONE,39,WebPage; BreadcrumbList,PASS,PASS,PASS,PASS,PASS,PASS,PASS,PASS,PASS
/our-projects/,Restored WordPress page,wordpress,noindex,false,https://rkrenosolution.com/our-projects/,Our Projects 1 - RK Reno Solution,A property work-scope gallery using neutral service imagery without unverified client or project claims.,Our Projects,160,6,NONE,55,WebPage; BreadcrumbList,PASS,PASS,PASS,PASS,PASS,PASS,PASS,PASS,PASS
/our-team/,Restored WordPress page,wordpress,noindex,false,https://rkrenosolution.com/our-team/,Our Team - RK Reno Solution,"How RK Reno Solution handles inspection, planning, trade coordination and customer communication.",Our Team,120,2,NONE,39,WebPage; BreadcrumbList,PASS,PASS,PASS,PASS,PASS,PASS,PASS,PASS,PASS
/testimonials/,Restored WordPress page,wordpress,noindex,false,https://rkrenosolution.com/testimonials/,Testimonials - RK Reno Solution,RK Reno quotation and communication steps with unverified template testimonials intentionally excluded.,Testimonials,111,1,NONE,38,WebPage; BreadcrumbList,PASS,PASS,PASS,PASS,PASS,PASS,PASS,PASS,PASS
/demolition-contractor-kl-selangor/,New service page,owner-new,index,true,https://rkrenosolution.com/demolition-contractor-kl-selangor/,Demolition Contractor KL & Selangor - RK Reno Solution,"Interior demolition, bathroom demolition, strip-out, site preparation and debris-removal enquiries in Kuala Lumpur and Selangor.",Demolition Contractor KL & Selangor,413,2,NONE,41,Service; FAQPage,PASS,PASS,PASS,PASS,PASS,PASS,PASS,PASS,PASS
